imagen_rgb,cultivo,enfermedad,clase_id,subset
C:\Users\Pablo\Documents\Universidad\TFG\Repositorios\Repo\imagenes\754479b3-0ff2-367d-ba4e-da4d434533f9.png,Apple,Apple_scab,0,train
C:\Users\Pablo\Documents\Universidad\TFG\Repositorios\Repo\imagenes\855971bf-c9b4-3aae-bc67-c4fcb72183a8.png,Apple,Apple_scab,0,train
C:\Users\Pablo\Documents\Universidad\TFG\Repositorios\Repo\imagenes\5e18c05c-65be-3d93-b7db-72e344039bd1.png,Apple,Apple_scab,0,train
C:\Users\Pablo\Documents\Universidad\TFG\Repositorios\Repo\imagenes\c266b292-7c10-3a33-bbde-691073eaeb92.png,Apple,Apple_scab,0,train
C:\Users\Pablo\Documents\Universidad\TFG\Repositorios\Repo\imagenes\03416102-ea26-34ea-bc1e-cc76605dadad.png,Apple,Apple_scab,0,train
C:\Users\Pablo\Documents\Universidad\TFG\Repositorios\Repo\imagenes\2d16a5a0-ea8e-3591-9bc6-329568e1f7e1.png,Apple,Apple_scab,0,train
C:\Users\Pablo\Documents\Universidad\TFG\Repositorios\Repo\imagenes\3cc7fd40-488d-3ecc-a7dc-d9d0fdcee286.png,Apple,Apple_scab,0,train
C:\Users\Pablo\Documents\Universidad\TFG\Repositorios\Repo\imagenes\0d0205f2-e669-344f-bb23-747ca2b2b7f1.png,Apple,Apple_scab,0,train
C:\Users\Pablo\Documents\Universidad\TFG\Repositorios\Repo\imagenes\905b7534-fa27-3092-859b-d52ec9012f8e.png,Apple,Apple_scab,0,train
C:\Users\Pablo\Documents\Universidad\TFG\Repositorios\Repo\imagenes\66e36c5d-ce9d-3c6e-872c-d4d017f01012.png,Apple,Apple_scab,0,train
C:\Users\Pablo\Documents\Universidad\TFG\Repositorios\Repo\imagenes\c965f648-a03c-3696-b7de-d4c601139e9c.png,Apple,Apple_scab,0,train
C:\Users\Pablo\Documents\Universidad\TFG\Repositorios\Repo\imagenes\7ea8cd1b-0aac-3eb0-b774-2040981d8b6d.png,Apple,Apple_scab,0,train
C:\Users\Pablo\Documents\Universidad\TFG\Repositorios\Repo\imagenes\b8e80449-2ef8-32a8-b863-b1c8f3d1b300.png,Apple,Apple_scab,0,train
C:\Users\Pablo\Documents\Universidad\TFG\Repositorios\Repo\imagenes\b3d35089-cd89-3a8f-be15-e4d380ac0253.png,Apple,Apple_scab,0,train
C:\Users\Pablo\Documents\Universidad\TFG\Repositorios\Repo\imagenes\d04889ee-6854-3c20-92d2-e2dc36bae102.png,Apple,Black_rot,1,train
C:\Users\Pablo\Documents\Universidad\TFG\Repositorios\Repo\imagenes\bd54b7ae-8d2b-337d-a470-187dd7a253e9.png,Apple,Black_rot,1,train
C:\Users\Pablo\Documents\Universidad\TFG\Repositorios\Repo\imagenes\bb729361-f8b0-35a9-a118-2c724a9d15ab.png,Apple,Black_rot,1,train
C:\Users\Pablo\Documents\Universidad\TFG\Repositorios\Repo\imagenes\55543f50-31a9-3862-8211-65f7001f9d2c.png,Apple,Black_rot,1,train
C:\Users\Pablo\Documents\Universidad\TFG\Repositorios\Repo\imagenes\27368c24-de37-323e-89cd-adfdade7f3ff.png,Apple,Black_rot,1,train
C:\Users\Pablo\Documents\Universidad\TFG\Repositorios\Repo\imagenes\a144dfa5-7b79-31b4-8998-fcd4243a1874.png,Apple,Black_rot,1,train
C:\Users\Pablo\Documents\Universidad\TFG\Repositorios\Repo\imagenes\25705a4c-afa5-3119-bcc3-af20ff36ecfa.png,Apple,Black_rot,1,train
C:\Users\Pablo\Documents\Universidad\TFG\Repositorios\Repo\imagenes\7830053f-6ea9-3a59-a58e-50db6085e02b.png,Apple,Black_rot,1,train
C:\Users\Pablo\Documents\Universidad\TFG\Repositorios\Repo\imagenes\1ef75cf2-15a6-3cf4-90b5-19792d901485.png,Apple,Black_rot,1,train
C:\Users\Pablo\Documents\Universidad\TFG\Repositorios\Repo\imagenes\2c790589-38d8-3632-b226-45e5355f3621.png,Apple,Black_rot,1,train
C:\Users\Pablo\Documents\Universidad\TFG\Repositorios\Repo\imagenes\154cd945-7110-341a-befa-2e338fac3f4c.png,Apple,Black_rot,1,train
C:\Users\Pablo\Documents\Universidad\TFG\Repositorios\Repo\imagenes\3b49ef64-3e4e-302d-8868-03cda5b209da.png,Apple,Black_rot,1,train
C:\Users\Pablo\Documents\Universidad\TFG\Repositorios\Repo\imagenes\85ff1606-00d7-342d-9e28-bacffba14886.png,Apple,Black_rot,1,train
C:\Users\Pablo\Documents\Universidad\TFG\Repositorios\Repo\imagenes\613bb6e0-fe57-3a8e-b571-1a0630bb18cc.png,Apple,Black_rot,1,train
C:\Users\Pablo\Documents\Universidad\TFG\Repositorios\Repo\imagenes\135c8b8d-a471-300b-b233-ba1fd4d92467.png,Apple,Cedar_apple_rust,2,train
C:\Users\Pablo\Documents\Universidad\TFG\Repositorios\Repo\imagenes\241884bf-5b15-39d7-a123-34c7b84bbe27.png,Apple,Cedar_apple_rust,2,train
C:\Users\Pablo\Documents\Universidad\TFG\Repositorios\Repo\imagenes\7f2a01cb-2828-3dc0-b57b-a7b604f84349.png,Apple,Cedar_apple_rust,2,train
C:\Users\Pablo\Documents\Universidad\TFG\Repositorios\Repo\imagenes\7c9e316f-134f-3c5e-9836-0b84767c1121.png,Apple,Cedar_apple_rust,2,train
C:\Users\Pablo\Documents\Universidad\TFG\Repositorios\Repo\imagenes\51f4d35e-c3f9-3803-b2db-c0c90d9b0b4b.png,Apple,Cedar_apple_rust,2,train
C:\Users\Pablo\Documents\Universidad\TFG\Repositorios\Repo\imagenes\a1e6dcb1-cfb6-3f22-b2ee-8196ed121c99.png,Apple,Cedar_apple_rust,2,train
C:\Users\Pablo\Documents\Universidad\TFG\Repositorios\Repo\imagenes\bb3b79be-fb43-3ef6-942d-03d1aaa58dd2.png,Apple,Cedar_apple_rust,2,train
C:\Users\Pablo\Documents\Universidad\TFG\Repositorios\Repo\imagenes\90c20e59-468a-359e-a744-d0e20c40fc08.png,Apple,Cedar_apple_rust,2,train
C:\Users\Pablo\Documents\Universidad\TFG\Repositorios\Repo\imagenes\73be4d1d-78dd-3963-b749-e9c4ff25146d.png,Apple,Cedar_apple_rust,2,train
C:\Users\Pablo\Documents\Universidad\TFG\Repositorios\Repo\imagenes\9d6cf57a-e9e8-381c-adb0-e6db8d3cba0c.png,Apple,Cedar_apple_rust,2,train
C:\Users\Pablo\Documents\Universidad\TFG\Repositorios\Repo\imagenes\04925065-0e19-3c77-97f1-32eb38205569.png,Apple,Cedar_apple_rust,2,train
C:\Users\Pablo\Documents\Universidad\TFG\Repositorios\Repo\imagenes\a4587b00-358c-3501-9bea-a0d128613216.png,Apple,Cedar_apple_rust,2,train
C:\Users\Pablo\Documents\Universidad\TFG\Repositorios\Repo\imagenes\b19a6e48-6cd6-3dad-95c6-727b151b0ffb.png,Apple,Cedar_apple_rust,2,train
C:\Users\Pablo\Documents\Universidad\TFG\Repositorios\Repo\imagenes\9230fa85-f6c3-35a0-9a8c-802322078515.png,Apple,Cedar_apple_rust,2,train
C:\Users\Pablo\Documents\Universidad\TFG\Repositorios\Repo\imagenes\6bd9e1b8-d115-3e81-8c12-1fbfc62e0eb2.png,Apple,healthy,3,train
C:\Users\Pablo\Documents\Universidad\TFG\Repositorios\Repo\imagenes\ca32e5f0-43ad-30f3-ab33-59fea9751eaf.png,Apple,healthy,3,train
C:\Users\Pablo\Documents\Universidad\TFG\Repositorios\Repo\imagenes\374bfcbb-e3d3-3482-ad0b-8f0d031e9037.png,Apple,healthy,3,train
C:\Users\Pablo\Documents\Universidad\TFG\Repositorios\Repo\imagenes\7e0b0d26-5d29-33dc-aa4c-b98df16d6722.png,Apple,healthy,3,train
C:\Users\Pablo\Documents\Universidad\TFG\Repositorios\Repo\imagenes\1237fe42-d6b4-3093-99f4-45e1ef19fb37.png,Apple,healthy,3,train
C:\Users\Pablo\Documents\Universidad\TFG\Repositorios\Repo\imagenes\c6345859-7f81-388c-ae78-8f2cf4e7e065.png,Apple,healthy,3,train
C:\Users\Pablo\Documents\Universidad\TFG\Repositorios\Repo\imagenes\0a671173-4502-3d69-a133-ec22f13e40e3.png,Apple,healthy,3,train
C:\Users\Pablo\Documents\Universidad\TFG\Repositorios\Repo\imagenes\d02e6ccd-805f-3434-8f1b-623ca581ed0a.png,Apple,healthy,3,train
C:\Users\Pablo\Documents\Universidad\TFG\Repositorios\Repo\imagenes\4e101578-80ee-3d9f-87d2-b0dd0ea1ae86.png,Apple,healthy,3,train
C:\Users\Pablo\Documents\Universidad\TFG\Repositorios\Repo\imagenes\9970d123-9cee-3f0b-86fe-3427ff9fdc8e.png,Apple,healthy,3,train
C:\Users\Pablo\Documents\Universidad\TFG\Repositorios\Repo\imagenes\a9a68a22-06ad-3393-94b9-8f9421d44a96.png,Apple,healthy,3,train
C:\Users\Pablo\Documents\Universidad\TFG\Repositorios\Repo\imagenes\ff063378-0e2f-36b1-b7a5-89665f23152f.png,Apple,healthy,3,train
C:\Users\Pablo\Documents\Universidad\TFG\Repositorios\Repo\imagenes\0a79df39-eb8b-3ac6-865f-e7f9dcd29066.png,Apple,healthy,3,train
C:\Users\Pablo\Documents\Universidad\TFG\Repositorios\Repo\imagenes\01939748-c2cd-3bd2-865e-c938a817afa3.png,Apple,healthy,3,train
C:\Users\Pablo\Documents\Universidad\TFG\Repositorios\Repo\imagenes\bc3c792e-597d-3178-9aed-a2be8545e104.png,Blueberry,healthy,4,train
C:\Users\Pablo\Documents\Universidad\TFG\Repositorios\Repo\imagenes\4bdda988-e03d-3dec-914f-06c67e321baa.png,Blueberry,healthy,4,train
C:\Users\Pablo\Documents\Universidad\TFG\Repositorios\Repo\imagenes\de084b59-3b3a-3c2a-b6eb-fb0d00eb5b0f.png,Blueberry,healthy,4,train
C:\Users\Pablo\Documents\Universidad\TFG\Repositorios\Repo\imagenes\79adb55d-9a29-3c48-ba96-2c2d0355f410.png,Blueberry,healthy,4,train
C:\Users\Pablo\Documents\Universidad\TFG\Repositorios\Repo\imagenes\e42bb391-4b46-35ff-9cbf-3d70e395e67a.png,Blueberry,healthy,4,train
C:\Users\Pablo\Documents\Universidad\TFG\Repositorios\Repo\imagenes\b373976d-8211-3f58-afdf-3778aa4a2b32.png,Blueberry,healthy,4,train
C:\Users\Pablo\Documents\Universidad\TFG\Repositorios\Repo\imagenes\b7272011-e669-3192-9008-73ed6aadcfd2.png,Blueberry,healthy,4,train
C:\Users\Pablo\Documents\Universidad\TFG\Repositorios\Repo\imagenes\14e1e5df-5220-35fe-a510-fce231229f71.png,Blueberry,healthy,4,train
C:\Users\Pablo\Documents\Universidad\TFG\Repositorios\Repo\imagenes\ced3f84b-44ae-33e7-924a-52fe0ff10a63.png,Blueberry,healthy,4,train
C:\Users\Pablo\Documents\Universidad\TFG\Repositorios\Repo\imagenes\16c99d23-84bb-3339-a01d-b7e884da14e5.png,Blueberry,healthy,4,train
C:\Users\Pablo\Documents\Universidad\TFG\Repositorios\Repo\imagenes\7ea36c81-5998-32f5-a11b-a9cea627fad0.png,Blueberry,healthy,4,train
C:\Users\Pablo\Documents\Universidad\TFG\Repositorios\Repo\imagenes\10817d34-1536-3484-824b-7493353c5867.png,Blueberry,healthy,4,train
C:\Users\Pablo\Documents\Universidad\TFG\Repositorios\Repo\imagenes\0b558874-5487-33bf-b60e-78de6370a0f5.png,Blueberry,healthy,4,train
C:\Users\Pablo\Documents\Universidad\TFG\Repositorios\Repo\imagenes\41d95f82-ffd9-3f9c-9a66-b2669c4a53ee.png,Blueberry,healthy,4,train
C:\Users\Pablo\Documents\Universidad\TFG\Repositorios\Repo\imagenes\2497aad9-a142-3807-a1f1-b57c320d93b6.png,Cherry_(including_sour),healthy,5,train
C:\Users\Pablo\Documents\Universidad\TFG\Repositorios\Repo\imagenes\e9a03e4a-333c-37e7-8a0a-c7ca245acac3.png,Cherry_(including_sour),healthy,5,train
C:\Users\Pablo\Documents\Universidad\TFG\Repositorios\Repo\imagenes\898e84a4-cc83-30c7-b73b-e21923a68c9b.png,Cherry_(including_sour),healthy,5,train
C:\Users\Pablo\Documents\Universidad\TFG\Repositorios\Repo\imagenes\c0def4fe-a73a-3ec4-9dc0-90c0259bdf7f.png,Cherry_(including_sour),healthy,5,train
C:\Users\Pablo\Documents\Universidad\TFG\Repositorios\Repo\imagenes\6b04e1f3-1761-30c2-864d-d42c86234845.png,Cherry_(including_sour),healthy,5,train
C:\Users\Pablo\Documents\Universidad\TFG\Repositorios\Repo\imagenes\098ff8df-37c8-3443-a206-12b270385e11.png,Cherry_(including_sour),healthy,5,train
C:\Users\Pablo\Documents\Universidad\TFG\Repositorios\Repo\imagenes\9f20e33a-3307-3bf9-ab25-df428712b141.png,Cherry_(including_sour),healthy,5,train
C:\Users\Pablo\Documents\Universidad\TFG\Repositorios\Repo\imagenes\c30612c0-12ef-3d19-9ae3-4f317a7a7fa1.png,Cherry_(including_sour),healthy,5,train
C:\Users\Pablo\Documents\Universidad\TFG\Repositorios\Repo\imagenes\d9005ade-9093-35cb-90e5-9406be717dee.png,Cherry_(including_sour),healthy,5,train
C:\Users\Pablo\Documents\Universidad\TFG\Repositorios\Repo\imagenes\9d5196b9-fe0f-3d2a-934b-e261c9bf0015.png,Cherry_(including_sour),healthy,5,train
C:\Users\Pablo\Documents\Universidad\TFG\Repositorios\Repo\imagenes\03dd106c-9761-359e-89ba-1a68d9484dd6.png,Cherry_(including_sour),healthy,5,train
C:\Users\Pablo\Documents\Universidad\TFG\Repositorios\Repo\imagenes\9f1e2497-af46-3ef5-8dca-0812d5a628f7.png,Cherry_(including_sour),healthy,5,train
C:\Users\Pablo\Documents\Universidad\TFG\Repositorios\Repo\imagenes\330d5be4-10ae-3e0a-8770-0f378d8393db.png,Cherry_(including_sour),healthy,5,train
C:\Users\Pablo\Documents\Universidad\TFG\Repositorios\Repo\imagenes\1381836b-d0c0-3a89-a55b-04b7d3dc5ac0.png,Cherry_(including_sour),healthy,5,train
C:\Users\Pablo\Documents\Universidad\TFG\Repositorios\Repo\imagenes\8fba4cf6-c420-350f-9cb9-f05c9a736ed1.png,Cherry_(including_sour),Powdery_mildew,6,train
C:\Users\Pablo\Documents\Universidad\TFG\Repositorios\Repo\imagenes\c657d9c3-3ea1-3cfe-acd3-6a020ba932bb.png,Cherry_(including_sour),Powdery_mildew,6,train
C:\Users\Pablo\Documents\Universidad\TFG\Repositorios\Repo\imagenes\de9b9cca-4c45-3a55-84fe-dbd4d604800a.png,Cherry_(including_sour),Powdery_mildew,6,train
C:\Users\Pablo\Documents\Universidad\TFG\Repositorios\Repo\imagenes\8577a119-7517-34f0-919f-61e21082827e.png,Cherry_(including_sour),Powdery_mildew,6,train
C:\Users\Pablo\Documents\Universidad\TFG\Repositorios\Repo\imagenes\48029f5c-a20b-3fc4-a710-2b84ab4f48a2.png,Cherry_(including_sour),Powdery_mildew,6,train
C:\Users\Pablo\Documents\Universidad\TFG\Repositorios\Repo\imagenes\fa5e247d-6ebc-3e3c-b399-8a7283fb57b4.png,Cherry_(including_sour),Powdery_mildew,6,train
C:\Users\Pablo\Documents\Universidad\TFG\Repositorios\Repo\imagenes\07fcb1eb-d2f2-3d44-910b-6ce5dffd74bb.png,Cherry_(including_sour),Powdery_mildew,6,train
C:\Users\Pablo\Documents\Universidad\TFG\Repositorios\Repo\imagenes\85f6c3ea-f7a4-3abe-9b83-ef0663c925fd.png,Cherry_(including_sour),Powdery_mildew,6,train
C:\Users\Pablo\Documents\Universidad\TFG\Repositorios\Repo\imagenes\a7fd2fa8-de92-335c-9dcf-f1749d8850b7.png,Cherry_(including_sour),Powdery_mildew,6,train
C:\Users\Pablo\Documents\Universidad\TFG\Repositorios\Repo\imagenes\4e8697d7-b42e-3246-91ce-01416bfc2f20.png,Cherry_(including_sour),Powdery_mildew,6,train
C:\Users\Pablo\Documents\Universidad\TFG\Repositorios\Repo\imagenes\4361caac-cde4-35f6-9ae9-837089d35e1e.png,Cherry_(including_sour),Powdery_mildew,6,train
C:\Users\Pablo\Documents\Universidad\TFG\Repositorios\Repo\imagenes\f89e87de-b9b4-3e57-aa9e-ef1b7f6bc4cb.png,Cherry_(including_sour),Powdery_mildew,6,train
C:\Users\Pablo\Documents\Universidad\TFG\Repositorios\Repo\imagenes\9538ccbe-6b0c-3719-ab0e-d5bd6393d615.png,Cherry_(including_sour),Powdery_mildew,6,train
C:\Users\Pablo\Documents\Universidad\TFG\Repositorios\Repo\imagenes\a6caf186-fa4c-390f-9c72-aee68df69d5b.png,Cherry_(including_sour),Powdery_mildew,6,train
C:\Users\Pablo\Documents\Universidad\TFG\Repositorios\Repo\imagenes\8b7cd20e-adaa-34b4-8bbb-5effcc278e79.png,Corn_(maize),Cercospora_leaf_spot_Gray_leaf_spot,7,train
C:\Users\Pablo\Documents\Universidad\TFG\Repositorios\Repo\imagenes\8fd102f8-250d-3a73-9d55-c3554fbdac85.png,Corn_(maize),Cercospora_leaf_spot_Gray_leaf_spot,7,train
C:\Users\Pablo\Documents\Universidad\TFG\Repositorios\Repo\imagenes\86dd6d06-052d-386e-8ce2-4c5925f4d278.png,Corn_(maize),Cercospora_leaf_spot_Gray_leaf_spot,7,train
C:\Users\Pablo\Documents\Universidad\TFG\Repositorios\Repo\imagenes\7ae029d5-9c6e-39e5-be71-8fd1779355eb.png,Corn_(maize),Cercospora_leaf_spot_Gray_leaf_spot,7,train
C:\Users\Pablo\Documents\Universidad\TFG\Repositorios\Repo\imagenes\bac45f49-5fde-3554-96bc-8ca7cbcda322.png,Corn_(maize),Cercospora_leaf_spot_Gray_leaf_spot,7,train
C:\Users\Pablo\Documents\Universidad\TFG\Repositorios\Repo\imagenes\7cfaa7f3-eec8-36ae-bba0-3f4c185e6bf5.png,Corn_(maize),Cercospora_leaf_spot_Gray_leaf_spot,7,train
C:\Users\Pablo\Documents\Universidad\TFG\Repositorios\Repo\imagenes\99dd2bae-77ae-30f2-8a1b-78f60366a24d.png,Corn_(maize),Cercospora_leaf_spot_Gray_leaf_spot,7,train
C:\Users\Pablo\Documents\Universidad\TFG\Repositorios\Repo\imagenes\2aac47ee-cd60-3f9d-b689-52991aa699e8.png,Corn_(maize),Cercospora_leaf_spot_Gray_leaf_spot,7,train
C:\Users\Pablo\Documents\Universidad\TFG\Repositorios\Repo\imagenes\65cd1a4c-c200-365a-b054-4fcef3bbd5a1.png,Corn_(maize),Cercospora_leaf_spot_Gray_leaf_spot,7,train
C:\Users\Pablo\Documents\Universidad\TFG\Repositorios\Repo\imagenes\b06a3fa8-5494-3b7c-b210-706d0489188d.png,Corn_(maize),Cercospora_leaf_spot_Gray_leaf_spot,7,train
C:\Users\Pablo\Documents\Universidad\TFG\Repositorios\Repo\imagenes\5203449f-9a88-302d-a77d-d3ad951d0901.png,Corn_(maize),Cercospora_leaf_spot_Gray_leaf_spot,7,train
C:\Users\Pablo\Documents\Universidad\TFG\Repositorios\Repo\imagenes\2b4e1d66-5ff1-3f50-9f03-611162fc6a07.png,Corn_(maize),Cercospora_leaf_spot_Gray_leaf_spot,7,train
C:\Users\Pablo\Documents\Universidad\TFG\Repositorios\Repo\imagenes\802c121c-f9af-3e95-9852-810e2840c711.png,Corn_(maize),Cercospora_leaf_spot_Gray_leaf_spot,7,train
C:\Users\Pablo\Documents\Universidad\TFG\Repositorios\Repo\imagenes\9d6a1265-fdc9-359d-9009-863af7f88ccc.png,Corn_(maize),Cercospora_leaf_spot_Gray_leaf_spot,7,train
C:\Users\Pablo\Documents\Universidad\TFG\Repositorios\Repo\imagenes\56fc3d97-e074-3ca3-a43b-2a3c567e86ce.png,Corn_(maize),Common_rust_,8,train
C:\Users\Pablo\Documents\Universidad\TFG\Repositorios\Repo\imagenes\de6a3d22-f216-3fe8-9931-b8672d015407.png,Corn_(maize),Common_rust_,8,train
C:\Users\Pablo\Documents\Universidad\TFG\Repositorios\Repo\imagenes\1df325c7-2ec7-39bd-99ec-0c2e445cf915.png,Corn_(maize),Common_rust_,8,train
C:\Users\Pablo\Documents\Universidad\TFG\Repositorios\Repo\imagenes\aa6c7703-ad98-3676-82d7-f9fd7bdc5f77.png,Corn_(maize),Common_rust_,8,train
C:\Users\Pablo\Documents\Universidad\TFG\Repositorios\Repo\imagenes\7e2d8600-994a-3900-a419-c012cbbbde61.png,Corn_(maize),Common_rust_,8,train
C:\Users\Pablo\Documents\Universidad\TFG\Repositorios\Repo\imagenes\0a623b18-b8b6-3a64-a7e9-bb5d19b4917f.png,Corn_(maize),Common_rust_,8,train
C:\Users\Pablo\Documents\Universidad\TFG\Repositorios\Repo\imagenes\b63eb8bf-2d0c-358b-8e84-650cc8c1f94f.png,Corn_(maize),Common_rust_,8,train
C:\Users\Pablo\Documents\Universidad\TFG\Repositorios\Repo\imagenes\3ba7bfa7-1d76-3116-b953-0939d5e131b3.png,Corn_(maize),Common_rust_,8,train
C:\Users\Pablo\Documents\Universidad\TFG\Repositorios\Repo\imagenes\a0a28dd4-60b1-37db-9ef2-021f90d24f23.png,Corn_(maize),Common_rust_,8,train
C:\Users\Pablo\Documents\Universidad\TFG\Repositorios\Repo\imagenes\7fef63a1-e9a1-3dac-9eda-8c8ed2a60dbe.png,Corn_(maize),Common_rust_,8,train
C:\Users\Pablo\Documents\Universidad\TFG\Repositorios\Repo\imagenes\00ed3ba1-5533-31a6-bbad-506a35f0761a.png,Corn_(maize),Common_rust_,8,train
C:\Users\Pablo\Documents\Universidad\TFG\Repositorios\Repo\imagenes\00f325f8-ac94-37ac-9fb7-77bcaeeec933.png,Corn_(maize),Common_rust_,8,train
C:\Users\Pablo\Documents\Universidad\TFG\Repositorios\Repo\imagenes\b9e523a3-52f8-3705-8a8e-8377dc83b9ca.png,Corn_(maize),Common_rust_,8,train
C:\Users\Pablo\Documents\Universidad\TFG\Repositorios\Repo\imagenes\f867cbc1-1172-3bed-93e8-9ada27a86c8e.png,Corn_(maize),Common_rust_,8,train
C:\Users\Pablo\Documents\Universidad\TFG\Repositorios\Repo\imagenes\79d7a062-fd83-3e87-9ca2-ed1738c8bbe0.png,Corn_(maize),healthy,9,train
C:\Users\Pablo\Documents\Universidad\TFG\Repositorios\Repo\imagenes\9be34456-cd61-371e-abbe-4a867e25ac88.png,Corn_(maize),healthy,9,train
C:\Users\Pablo\Documents\Universidad\TFG\Repositorios\Repo\imagenes\f57fbf86-93e1-36cb-a021-6af27f6ea443.png,Corn_(maize),healthy,9,train
C:\Users\Pablo\Documents\Universidad\TFG\Repositorios\Repo\imagenes\3be2f83f-4a88-3944-8733-a314bce696cf.png,Corn_(maize),healthy,9,train
C:\Users\Pablo\Documents\Universidad\TFG\Repositorios\Repo\imagenes\4c43d2eb-a9b9-392e-a252-42317e6cf57c.png,Corn_(maize),healthy,9,train
C:\Users\Pablo\Documents\Universidad\TFG\Repositorios\Repo\imagenes\6d57cae4-8473-3d9b-8a28-042398e93a63.png,Corn_(maize),healthy,9,train
C:\Users\Pablo\Documents\Universidad\TFG\Repositorios\Repo\imagenes\354a3abd-d28b-38b8-8edb-0455f302545f.png,Corn_(maize),healthy,9,train
C:\Users\Pablo\Documents\Universidad\TFG\Repositorios\Repo\imagenes\4aa11f9c-3408-388a-980b-263bfdf11b07.png,Corn_(maize),healthy,9,train
C:\Users\Pablo\Documents\Universidad\TFG\Repositorios\Repo\imagenes\6870b54c-c36a-384d-87c8-2ad708e21328.png,Corn_(maize),healthy,9,train
C:\Users\Pablo\Documents\Universidad\TFG\Repositorios\Repo\imagenes\2c0da88a-59a0-3507-b6a6-4b9a97e4cadb.png,Corn_(maize),healthy,9,train
C:\Users\Pablo\Documents\Universidad\TFG\Repositorios\Repo\imagenes\f2996268-433a-3e6d-a6a8-ef436aa20cef.png,Corn_(maize),healthy,9,train
C:\Users\Pablo\Documents\Universidad\TFG\Repositorios\Repo\imagenes\1922dcd3-9dad-3b13-9ddf-c86b58522e02.png,Corn_(maize),healthy,9,train
C:\Users\Pablo\Documents\Universidad\TFG\Repositorios\Repo\imagenes\b7d45da5-407f-39de-8dd4-7625c31fcd4a.png,Corn_(maize),healthy,9,train
C:\Users\Pablo\Documents\Universidad\TFG\Repositorios\Repo\imagenes\e4f2a14f-35a6-388c-a24f-61b8ab5563fc.png,Corn_(maize),healthy,9,train
C:\Users\Pablo\Documents\Universidad\TFG\Repositorios\Repo\imagenes\72563033-8ce6-3c0a-a8e0-5d1fd5627085.png,Corn_(maize),Northern_Leaf_Blight,10,train
C:\Users\Pablo\Documents\Universidad\TFG\Repositorios\Repo\imagenes\37aa8113-b9db-3d82-86e3-9c76195ded32.png,Corn_(maize),Northern_Leaf_Blight,10,train
C:\Users\Pablo\Documents\Universidad\TFG\Repositorios\Repo\imagenes\69dc1945-0497-32cc-bf25-0c297c546a49.png,Corn_(maize),Northern_Leaf_Blight,10,train
C:\Users\Pablo\Documents\Universidad\TFG\Repositorios\Repo\imagenes\cdb5254d-1c6d-38f6-979c-373d510b28ea.png,Corn_(maize),Northern_Leaf_Blight,10,train
C:\Users\Pablo\Documents\Universidad\TFG\Repositorios\Repo\imagenes\a1227978-8bdd-3a61-97cf-310026912337.png,Corn_(maize),Northern_Leaf_Blight,10,train
C:\Users\Pablo\Documents\Universidad\TFG\Repositorios\Repo\imagenes\61fb4522-bc86-3715-95ef-b2bad4a9da0e.png,Corn_(maize),Northern_Leaf_Blight,10,train
C:\Users\Pablo\Documents\Universidad\TFG\Repositorios\Repo\imagenes\a476f804-54e1-3d83-9111-559ec2a14f12.png,Corn_(maize),Northern_Leaf_Blight,10,train
C:\Users\Pablo\Documents\Universidad\TFG\Repositorios\Repo\imagenes\b61057f6-3fce-313a-8e5c-8db629646237.png,Corn_(maize),Northern_Leaf_Blight,10,train
C:\Users\Pablo\Documents\Universidad\TFG\Repositorios\Repo\imagenes\37274276-32bc-3238-b49f-244dd873e7be.png,Corn_(maize),Northern_Leaf_Blight,10,train
C:\Users\Pablo\Documents\Universidad\TFG\Repositorios\Repo\imagenes\97925474-ef39-30b8-afbe-448296dcac1d.png,Corn_(maize),Northern_Leaf_Blight,10,train
C:\Users\Pablo\Documents\Universidad\TFG\Repositorios\Repo\imagenes\134ce2dc-a055-3200-b709-61d85cd6249b.png,Corn_(maize),Northern_Leaf_Blight,10,train
C:\Users\Pablo\Documents\Universidad\TFG\Repositorios\Repo\imagenes\2dceb8c4-dfbb-3d7c-a576-004134e6b5bf.png,Corn_(maize),Northern_Leaf_Blight,10,train
C:\Users\Pablo\Documents\Universidad\TFG\Repositorios\Repo\imagenes\c81a68c0-cd22-328e-89c4-10da20d7e214.png,Corn_(maize),Northern_Leaf_Blight,10,train
C:\Users\Pablo\Documents\Universidad\TFG\Repositorios\Repo\imagenes\62f7c935-27cd-38ae-9be8-ce16499ad005.png,Corn_(maize),Northern_Leaf_Blight,10,train
C:\Users\Pablo\Documents\Universidad\TFG\Repositorios\Repo\imagenes\89bdd7cd-3e07-3e1e-b91e-edeeacc0b0af.png,Grape,Black_rot,11,train
C:\Users\Pablo\Documents\Universidad\TFG\Repositorios\Repo\imagenes\40a059bc-0fc1-3272-a958-13fb82c76648.png,Grape,Black_rot,11,train
C:\Users\Pablo\Documents\Universidad\TFG\Repositorios\Repo\imagenes\c6b9b023-f146-3d56-96a6-bca19e5d8296.png,Grape,Black_rot,11,train
C:\Users\Pablo\Documents\Universidad\TFG\Repositorios\Repo\imagenes\fe525485-b774-3918-9203-afcb35a2f938.png,Grape,Black_rot,11,train
C:\Users\Pablo\Documents\Universidad\TFG\Repositorios\Repo\imagenes\4653f1db-847b-3e13-870f-f9512170234b.png,Grape,Black_rot,11,train
C:\Users\Pablo\Documents\Universidad\TFG\Repositorios\Repo\imagenes\1127a6ed-f21e-30dd-9d3a-acec47a4eaf0.png,Grape,Black_rot,11,train
C:\Users\Pablo\Documents\Universidad\TFG\Repositorios\Repo\imagenes\afa813a7-0409-3b4b-afa6-45f2572f81a1.png,Grape,Black_rot,11,train
C:\Users\Pablo\Documents\Universidad\TFG\Repositorios\Repo\imagenes\aa1f2dde-adec-3cd3-8331-1ed0da44c9b0.png,Grape,Black_rot,11,train
C:\Users\Pablo\Documents\Universidad\TFG\Repositorios\Repo\imagenes\a88a2add-41c2-3cfa-bdb0-6b818e4dfcf9.png,Grape,Black_rot,11,train
C:\Users\Pablo\Documents\Universidad\TFG\Repositorios\Repo\imagenes\18e1bf52-38da-3558-963b-9e6c4a8cb3a7.png,Grape,Black_rot,11,train
C:\Users\Pablo\Documents\Universidad\TFG\Repositorios\Repo\imagenes\b70ecac5-dbd7-385b-a1e2-92c1f0025820.png,Grape,Black_rot,11,train
C:\Users\Pablo\Documents\Universidad\TFG\Repositorios\Repo\imagenes\98b4327e-48e8-3e1e-bfdf-25ecfe6ad3f1.png,Grape,Black_rot,11,train
C:\Users\Pablo\Documents\Universidad\TFG\Repositorios\Repo\imagenes\48cc4eb1-d9b2-3f5f-b873-d05b7e3f9b0b.png,Grape,Black_rot,11,train
C:\Users\Pablo\Documents\Universidad\TFG\Repositorios\Repo\imagenes\eb85cc94-bfc5-3140-bd1d-8e31a9fe48eb.png,Grape,Black_rot,11,train
C:\Users\Pablo\Documents\Universidad\TFG\Repositorios\Repo\imagenes\565574b3-b8bc-380c-a270-143a200f3801.png,Grape,Esca_(Black_Measles),12,train
C:\Users\Pablo\Documents\Universidad\TFG\Repositorios\Repo\imagenes\9904bd2c-5762-3769-a259-6c7ed6e3d41c.png,Grape,Esca_(Black_Measles),12,train
C:\Users\Pablo\Documents\Universidad\TFG\Repositorios\Repo\imagenes\db813f89-d1ba-3ebb-9abc-90b7e4b96330.png,Grape,Esca_(Black_Measles),12,train
C:\Users\Pablo\Documents\Universidad\TFG\Repositorios\Repo\imagenes\dec9c1f4-b071-343b-af38-0530cfd7a875.png,Grape,Esca_(Black_Measles),12,train
C:\Users\Pablo\Documents\Universidad\TFG\Repositorios\Repo\imagenes\af4dca5e-b857-3637-9b5c-844a2bbc4d34.png,Grape,Esca_(Black_Measles),12,train
C:\Users\Pablo\Documents\Universidad\TFG\Repositorios\Repo\imagenes\697b6d73-3919-385b-9e02-efe5f7055812.png,Grape,Esca_(Black_Measles),12,train
C:\Users\Pablo\Documents\Universidad\TFG\Repositorios\Repo\imagenes\49228769-ab4d-3330-9e9a-b87007a07cd1.png,Grape,Esca_(Black_Measles),12,train
C:\Users\Pablo\Documents\Universidad\TFG\Repositorios\Repo\imagenes\b8ffcdc3-428c-3f06-a1c9-50c9aa5eb8e5.png,Grape,Esca_(Black_Measles),12,train
C:\Users\Pablo\Documents\Universidad\TFG\Repositorios\Repo\imagenes\26928a57-d6c9-3ab4-91fe-eda86af609ed.png,Grape,Esca_(Black_Measles),12,train
C:\Users\Pablo\Documents\Universidad\TFG\Repositorios\Repo\imagenes\ac93bf18-742f-3655-954a-f54a90e7b2f1.png,Grape,Esca_(Black_Measles),12,train
C:\Users\Pablo\Documents\Universidad\TFG\Repositorios\Repo\imagenes\87f80916-fbce-32d0-808d-9c957a72d777.png,Grape,Esca_(Black_Measles),12,train
C:\Users\Pablo\Documents\Universidad\TFG\Repositorios\Repo\imagenes\38720c2b-5b22-35ca-a48e-c5615ffbeeb1.png,Grape,Esca_(Black_Measles),12,train
C:\Users\Pablo\Documents\Universidad\TFG\Repositorios\Repo\imagenes\c054e4ef-0928-385f-9a78-254f07b3e9e0.png,Grape,Esca_(Black_Measles),12,train
C:\Users\Pablo\Documents\Universidad\TFG\Repositorios\Repo\imagenes\94905b61-b0c2-3cbb-90fd-75de20a65a7a.png,Grape,Esca_(Black_Measles),12,train
C:\Users\Pablo\Documents\Universidad\TFG\Repositorios\Repo\imagenes\203ce141-f420-3932-a179-d67982a8e4b9.png,Grape,healthy,13,train
C:\Users\Pablo\Documents\Universidad\TFG\Repositorios\Repo\imagenes\e76d820a-1525-351a-a070-7a4e6bdf7a71.png,Grape,healthy,13,train
C:\Users\Pablo\Documents\Universidad\TFG\Repositorios\Repo\imagenes\b560010a-7eb2-30cc-958b-2fc987173e3b.png,Grape,healthy,13,train
C:\Users\Pablo\Documents\Universidad\TFG\Repositorios\Repo\imagenes\148913a5-445a-3a93-9f6e-f1c10086289e.png,Grape,healthy,13,train
C:\Users\Pablo\Documents\Universidad\TFG\Repositorios\Repo\imagenes\b17b1b18-6972-3b6c-a45c-66e8810cd051.png,Grape,healthy,13,train
C:\Users\Pablo\Documents\Universidad\TFG\Repositorios\Repo\imagenes\37227604-1090-36c1-b814-7f218d411f29.png,Grape,healthy,13,train
C:\Users\Pablo\Documents\Universidad\TFG\Repositorios\Repo\imagenes\ace3538b-ab51-3384-a2ea-34918e2d9468.png,Grape,healthy,13,train
C:\Users\Pablo\Documents\Universidad\TFG\Repositorios\Repo\imagenes\aefa2510-605c-3410-869d-fd857678f69c.png,Grape,healthy,13,train
C:\Users\Pablo\Documents\Universidad\TFG\Repositorios\Repo\imagenes\750e442c-2e79-38ec-831e-d0adb0926396.png,Grape,healthy,13,train
C:\Users\Pablo\Documents\Universidad\TFG\Repositorios\Repo\imagenes\5fbcfb61-0e8d-348a-8cce-de23696fb7c0.png,Grape,healthy,13,train
C:\Users\Pablo\Documents\Universidad\TFG\Repositorios\Repo\imagenes\3f94b732-b6d8-3b8b-8ef0-988a65a2f54a.png,Grape,healthy,13,train
C:\Users\Pablo\Documents\Universidad\TFG\Repositorios\Repo\imagenes\15ef68e1-b4e1-3274-a5b3-58a47e24640c.png,Grape,healthy,13,train
C:\Users\Pablo\Documents\Universidad\TFG\Repositorios\Repo\imagenes\45940c91-d1c6-34c4-b954-5652f5d6b353.png,Grape,healthy,13,train
C:\Users\Pablo\Documents\Universidad\TFG\Repositorios\Repo\imagenes\4a5f42c5-2ae9-3d7a-9ca0-5c10932760f2.png,Grape,healthy,13,train
C:\Users\Pablo\Documents\Universidad\TFG\Repositorios\Repo\imagenes\4d80951c-f102-386d-a2e0-b973cc45c8ac.png,Grape,Leaf_blight_(Isariopsis_Leaf_Spot),14,train
C:\Users\Pablo\Documents\Universidad\TFG\Repositorios\Repo\imagenes\d7d52909-7cff-3662-8a2d-0251942bd9e7.png,Grape,Leaf_blight_(Isariopsis_Leaf_Spot),14,train
C:\Users\Pablo\Documents\Universidad\TFG\Repositorios\Repo\imagenes\d57efc25-8f37-3035-9526-9330a36f84a6.png,Grape,Leaf_blight_(Isariopsis_Leaf_Spot),14,train
C:\Users\Pablo\Documents\Universidad\TFG\Repositorios\Repo\imagenes\3238e31b-9b53-3ea0-8abd-945b96060833.png,Grape,Leaf_blight_(Isariopsis_Leaf_Spot),14,train
C:\Users\Pablo\Documents\Universidad\TFG\Repositorios\Repo\imagenes\dd201fdb-84fd-3242-bbfb-39514337bf0d.png,Grape,Leaf_blight_(Isariopsis_Leaf_Spot),14,train
C:\Users\Pablo\Documents\Universidad\TFG\Repositorios\Repo\imagenes\f9fe19ec-a890-3f09-ade8-8c5e85ebe19a.png,Grape,Leaf_blight_(Isariopsis_Leaf_Spot),14,train
C:\Users\Pablo\Documents\Universidad\TFG\Repositorios\Repo\imagenes\a1dc5df9-93de-3a39-a149-f94fb4eebf78.png,Grape,Leaf_blight_(Isariopsis_Leaf_Spot),14,train
C:\Users\Pablo\Documents\Universidad\TFG\Repositorios\Repo\imagenes\9298ce7c-8688-3e99-9ceb-16d3ec8504ba.png,Grape,Leaf_blight_(Isariopsis_Leaf_Spot),14,train
C:\Users\Pablo\Documents\Universidad\TFG\Repositorios\Repo\imagenes\db564eee-089a-3b5d-9e93-2a32baeadb79.png,Grape,Leaf_blight_(Isariopsis_Leaf_Spot),14,train
C:\Users\Pablo\Documents\Universidad\TFG\Repositorios\Repo\imagenes\20f9bc22-151e-3435-b0aa-523713a3fd0c.png,Grape,Leaf_blight_(Isariopsis_Leaf_Spot),14,train
C:\Users\Pablo\Documents\Universidad\TFG\Repositorios\Repo\imagenes\bd3179c1-4eeb-3e85-93b8-555a57f2842a.png,Grape,Leaf_blight_(Isariopsis_Leaf_Spot),14,train
C:\Users\Pablo\Documents\Universidad\TFG\Repositorios\Repo\imagenes\365344b0-c89d-34d7-b4f2-736230680799.png,Grape,Leaf_blight_(Isariopsis_Leaf_Spot),14,train
C:\Users\Pablo\Documents\Universidad\TFG\Repositorios\Repo\imagenes\e4ed4724-56cd-3212-98fe-7afd03354033.png,Grape,Leaf_blight_(Isariopsis_Leaf_Spot),14,train
C:\Users\Pablo\Documents\Universidad\TFG\Repositorios\Repo\imagenes\378cebb4-5004-3ed1-88fe-38f08c598179.png,Grape,Leaf_blight_(Isariopsis_Leaf_Spot),14,train
C:\Users\Pablo\Documents\Universidad\TFG\Repositorios\Repo\imagenes\b0cd4b54-a666-35e5-b383-3cf3f0b097b2.png,Orange,Haunglongbing_(Citrus_greening),15,train
C:\Users\Pablo\Documents\Universidad\TFG\Repositorios\Repo\imagenes\29b72309-12ab-38aa-b69e-0feadf29d579.png,Orange,Haunglongbing_(Citrus_greening),15,train
C:\Users\Pablo\Documents\Universidad\TFG\Repositorios\Repo\imagenes\f55417a6-62a9-31b6-9371-34e131c84122.png,Orange,Haunglongbing_(Citrus_greening),15,train
C:\Users\Pablo\Documents\Universidad\TFG\Repositorios\Repo\imagenes\e321bccb-26a9-3e7a-94b7-667474a9d03b.png,Orange,Haunglongbing_(Citrus_greening),15,train
C:\Users\Pablo\Documents\Universidad\TFG\Repositorios\Repo\imagenes\2a84ce14-cfb4-308c-95f9-c8d5eca7e177.png,Orange,Haunglongbing_(Citrus_greening),15,train
C:\Users\Pablo\Documents\Universidad\TFG\Repositorios\Repo\imagenes\8ab2285d-b8a0-3cac-adf7-e303f148e6da.png,Orange,Haunglongbing_(Citrus_greening),15,train
C:\Users\Pablo\Documents\Universidad\TFG\Repositorios\Repo\imagenes\b97989e4-743f-304b-bde8-0e4b859c8d2c.png,Orange,Haunglongbing_(Citrus_greening),15,train
C:\Users\Pablo\Documents\Universidad\TFG\Repositorios\Repo\imagenes\bc72529f-12e4-3ee1-8d8f-32bc83a75992.png,Orange,Haunglongbing_(Citrus_greening),15,train
C:\Users\Pablo\Documents\Universidad\TFG\Repositorios\Repo\imagenes\8841004f-af57-3f4d-afdb-12e887d8a1f3.png,Orange,Haunglongbing_(Citrus_greening),15,train
C:\Users\Pablo\Documents\Universidad\TFG\Repositorios\Repo\imagenes\655a9762-dfde-3c2c-9cc0-732c2c841e02.png,Orange,Haunglongbing_(Citrus_greening),15,train
C:\Users\Pablo\Documents\Universidad\TFG\Repositorios\Repo\imagenes\1882d274-6065-3065-b398-9e06b78bb3bd.png,Orange,Haunglongbing_(Citrus_greening),15,train
C:\Users\Pablo\Documents\Universidad\TFG\Repositorios\Repo\imagenes\54522114-9740-3b92-9df8-e2e1580c786d.png,Orange,Haunglongbing_(Citrus_greening),15,train
C:\Users\Pablo\Documents\Universidad\TFG\Repositorios\Repo\imagenes\749f4087-b5fd-36fd-a844-9f41b5a59a28.png,Orange,Haunglongbing_(Citrus_greening),15,train
C:\Users\Pablo\Documents\Universidad\TFG\Repositorios\Repo\imagenes\1c975e52-8561-399f-baea-e97ce4c50b7a.png,Orange,Haunglongbing_(Citrus_greening),15,train
C:\Users\Pablo\Documents\Universidad\TFG\Repositorios\Repo\imagenes\93657ff8-4490-3737-83a7-170f891e3a75.png,Peach,Bacterial_spot,16,train
C:\Users\Pablo\Documents\Universidad\TFG\Repositorios\Repo\imagenes\9034234b-7cbf-3bc7-bcb6-e3588484f0a7.png,Peach,Bacterial_spot,16,train
C:\Users\Pablo\Documents\Universidad\TFG\Repositorios\Repo\imagenes\30ab81b4-0a55-3404-a712-e03fa4695185.png,Peach,Bacterial_spot,16,train
C:\Users\Pablo\Documents\Universidad\TFG\Repositorios\Repo\imagenes\152b53e1-f3ca-3cf1-bfdb-fa033c46b8cb.png,Peach,Bacterial_spot,16,train
C:\Users\Pablo\Documents\Universidad\TFG\Repositorios\Repo\imagenes\88732695-20dd-3743-8f33-7ec65694c9ad.png,Peach,Bacterial_spot,16,train
C:\Users\Pablo\Documents\Universidad\TFG\Repositorios\Repo\imagenes\c4c04282-2608-36af-b202-8ac703ff6bba.png,Peach,Bacterial_spot,16,train
C:\Users\Pablo\Documents\Universidad\TFG\Repositorios\Repo\imagenes\a8844ebc-e59c-3d3c-b2d6-8938d8daa586.png,Peach,Bacterial_spot,16,train
C:\Users\Pablo\Documents\Universidad\TFG\Repositorios\Repo\imagenes\39ddfb11-70f4-34c7-ae18-31bb47e71025.png,Peach,Bacterial_spot,16,train
C:\Users\Pablo\Documents\Universidad\TFG\Repositorios\Repo\imagenes\7ee13fee-8406-3cea-8a93-2f86269ea7e4.png,Peach,Bacterial_spot,16,train
C:\Users\Pablo\Documents\Universidad\TFG\Repositorios\Repo\imagenes\4e4430a5-56d8-3589-b6df-5c09c01e8564.png,Peach,Bacterial_spot,16,train
C:\Users\Pablo\Documents\Universidad\TFG\Repositorios\Repo\imagenes\c1f2d1a6-3250-365a-98b7-ede5026dcff3.png,Peach,Bacterial_spot,16,train
C:\Users\Pablo\Documents\Universidad\TFG\Repositorios\Repo\imagenes\96a00866-6c4a-355b-af5a-e77aa393a69d.png,Peach,Bacterial_spot,16,train
C:\Users\Pablo\Documents\Universidad\TFG\Repositorios\Repo\imagenes\85243c9d-1bbe-3689-a490-8cc61dfbcbe4.png,Peach,Bacterial_spot,16,train
C:\Users\Pablo\Documents\Universidad\TFG\Repositorios\Repo\imagenes\0fffffae-f407-3888-8785-794e6e3fef45.png,Peach,Bacterial_spot,16,train
C:\Users\Pablo\Documents\Universidad\TFG\Repositorios\Repo\imagenes\b0c53fd3-b584-3007-8915-c507e417840c.png,Peach,healthy,17,train
C:\Users\Pablo\Documents\Universidad\TFG\Repositorios\Repo\imagenes\fe8ee240-46cb-3a94-966b-e1ab9d995da9.png,Peach,healthy,17,train
C:\Users\Pablo\Documents\Universidad\TFG\Repositorios\Repo\imagenes\beb88fc5-5767-306b-adfb-0cfd9362ce8d.png,Peach,healthy,17,train
C:\Users\Pablo\Documents\Universidad\TFG\Repositorios\Repo\imagenes\aa562cd5-85b7-364f-a23c-91279afed0ae.png,Peach,healthy,17,train
C:\Users\Pablo\Documents\Universidad\TFG\Repositorios\Repo\imagenes\15fe2061-18eb-3629-b61a-ec9554bfce03.png,Peach,healthy,17,train
C:\Users\Pablo\Documents\Universidad\TFG\Repositorios\Repo\imagenes\2955e82a-b220-3555-8c11-00e33f73def1.png,Peach,healthy,17,train
C:\Users\Pablo\Documents\Universidad\TFG\Repositorios\Repo\imagenes\b83b6f5f-e32e-31cc-95bb-e9eed1083e01.png,Peach,healthy,17,train
C:\Users\Pablo\Documents\Universidad\TFG\Repositorios\Repo\imagenes\0558196c-6a69-37c6-93c4-b8d8a5c120d2.png,Peach,healthy,17,train
C:\Users\Pablo\Documents\Universidad\TFG\Repositorios\Repo\imagenes\af748482-c6b5-30bb-992a-c1735918845e.png,Peach,healthy,17,train
C:\Users\Pablo\Documents\Universidad\TFG\Repositorios\Repo\imagenes\a54da156-5258-3b07-91db-ab6b254678fa.png,Peach,healthy,17,train
C:\Users\Pablo\Documents\Universidad\TFG\Repositorios\Repo\imagenes\f1d08f3e-88be-3b7c-97dd-ee6d635fa50c.png,Peach,healthy,17,train
C:\Users\Pablo\Documents\Universidad\TFG\Repositorios\Repo\imagenes\05dba9eb-f80a-3bcd-b9e7-bf2ab2c22cb8.png,Peach,healthy,17,train
C:\Users\Pablo\Documents\Universidad\TFG\Repositorios\Repo\imagenes\ba6b89cd-d1ee-375f-94d3-27ace5fcd45b.png,Peach,healthy,17,train
C:\Users\Pablo\Documents\Universidad\TFG\Repositorios\Repo\imagenes\28565c30-f497-3f9a-9009-07de2140c1c3.png,Peach,healthy,17,train
C:\Users\Pablo\Documents\Universidad\TFG\Repositorios\Repo\imagenes\309edc1e-5328-391c-bccd-13aeaa8eadcd.png,Pepper_bell,Bacterial_spot,18,train
C:\Users\Pablo\Documents\Universidad\TFG\Repositorios\Repo\imagenes\a08a48a8-0f4b-33ca-a90f-b3b13702359d.png,Pepper_bell,Bacterial_spot,18,train
C:\Users\Pablo\Documents\Universidad\TFG\Repositorios\Repo\imagenes\6462ed60-b92c-30e1-be73-95630a500a81.png,Pepper_bell,Bacterial_spot,18,train
C:\Users\Pablo\Documents\Universidad\TFG\Repositorios\Repo\imagenes\34b324e7-36a0-370b-8888-0bb7e140e5a4.png,Pepper_bell,Bacterial_spot,18,train
C:\Users\Pablo\Documents\Universidad\TFG\Repositorios\Repo\imagenes\c5cd039e-0666-3ded-b351-110d4875493d.png,Pepper_bell,Bacterial_spot,18,train
C:\Users\Pablo\Documents\Universidad\TFG\Repositorios\Repo\imagenes\64f31b7e-33ff-3e6b-8114-0800e3342eaf.png,Pepper_bell,Bacterial_spot,18,train
C:\Users\Pablo\Documents\Universidad\TFG\Repositorios\Repo\imagenes\3534fe22-fd94-394c-9ba5-6894a97c7640.png,Pepper_bell,Bacterial_spot,18,train
C:\Users\Pablo\Documents\Universidad\TFG\Repositorios\Repo\imagenes\f79dd20b-9fee-3aba-a379-7b845ed8d7ba.png,Pepper_bell,Bacterial_spot,18,train
C:\Users\Pablo\Documents\Universidad\TFG\Repositorios\Repo\imagenes\b55cdaab-f89d-3225-b298-cd917d74b1d7.png,Pepper_bell,Bacterial_spot,18,train
C:\Users\Pablo\Documents\Universidad\TFG\Repositorios\Repo\imagenes\f613a7a0-08df-3ffb-994d-24b38fea1fc4.png,Pepper_bell,Bacterial_spot,18,train
C:\Users\Pablo\Documents\Universidad\TFG\Repositorios\Repo\imagenes\f30ee374-f4db-3744-8c99-e88301de9713.png,Pepper_bell,Bacterial_spot,18,train
C:\Users\Pablo\Documents\Universidad\TFG\Repositorios\Repo\imagenes\fb8a154a-57f7-3ef2-9e10-6d1d370fe5f3.png,Pepper_bell,Bacterial_spot,18,train
C:\Users\Pablo\Documents\Universidad\TFG\Repositorios\Repo\imagenes\6c9ef909-6321-32b4-b24e-9b872eebef37.png,Pepper_bell,Bacterial_spot,18,train
C:\Users\Pablo\Documents\Universidad\TFG\Repositorios\Repo\imagenes\aa6c8d13-56ab-3d70-affa-13e3eeccd6d9.png,Pepper_bell,Bacterial_spot,18,train
C:\Users\Pablo\Documents\Universidad\TFG\Repositorios\Repo\imagenes\7c31cea2-bb18-355b-b09a-0547a8b2dcc6.png,Pepper_bell,healthy,19,train
C:\Users\Pablo\Documents\Universidad\TFG\Repositorios\Repo\imagenes\a8f179fa-088d-3ac9-be65-9ef426c6c364.png,Pepper_bell,healthy,19,train
C:\Users\Pablo\Documents\Universidad\TFG\Repositorios\Repo\imagenes\b3c5c0ea-43ca-37dd-ad6a-78cc84b43e78.png,Pepper_bell,healthy,19,train
C:\Users\Pablo\Documents\Universidad\TFG\Repositorios\Repo\imagenes\03a7a0c3-9f62-3a78-bdb7-cd4012fe9194.png,Pepper_bell,healthy,19,train
C:\Users\Pablo\Documents\Universidad\TFG\Repositorios\Repo\imagenes\f194dffb-3a2a-37e7-bae5-62724e89693f.png,Pepper_bell,healthy,19,train
C:\Users\Pablo\Documents\Universidad\TFG\Repositorios\Repo\imagenes\4db7c17b-01be-3d8d-a446-34e30b196315.png,Pepper_bell,healthy,19,train
C:\Users\Pablo\Documents\Universidad\TFG\Repositorios\Repo\imagenes\c69d0ead-b7bf-3a0e-8fdc-c70aec8a5b69.png,Pepper_bell,healthy,19,train
C:\Users\Pablo\Documents\Universidad\TFG\Repositorios\Repo\imagenes\09f03b40-c1f7-3f22-91e0-247bb7062e56.png,Pepper_bell,healthy,19,train
C:\Users\Pablo\Documents\Universidad\TFG\Repositorios\Repo\imagenes\f22c6c80-8cf7-322a-855d-474b42ee6dc6.png,Pepper_bell,healthy,19,train
C:\Users\Pablo\Documents\Universidad\TFG\Repositorios\Repo\imagenes\63602f55-a6e8-3bf3-b29b-209a066a73ef.png,Pepper_bell,healthy,19,train
C:\Users\Pablo\Documents\Universidad\TFG\Repositorios\Repo\imagenes\cd516daf-d473-36ed-9c36-b07434076361.png,Pepper_bell,healthy,19,train
C:\Users\Pablo\Documents\Universidad\TFG\Repositorios\Repo\imagenes\d896fcb3-f8ae-382b-9c85-12707636b257.png,Pepper_bell,healthy,19,train
C:\Users\Pablo\Documents\Universidad\TFG\Repositorios\Repo\imagenes\ab4743ac-e2c7-3b2d-baaa-3eefde01013e.png,Pepper_bell,healthy,19,train
C:\Users\Pablo\Documents\Universidad\TFG\Repositorios\Repo\imagenes\4e08f3f7-b833-34ca-b069-16e036307bef.png,Pepper_bell,healthy,19,train
C:\Users\Pablo\Documents\Universidad\TFG\Repositorios\Repo\imagenes\bfe93337-160c-35bc-a07a-5dce00bb661b.png,Potato,Early_blight,20,train
C:\Users\Pablo\Documents\Universidad\TFG\Repositorios\Repo\imagenes\e7eb8093-fdf4-3b44-ba4d-6555ee8e1346.png,Potato,Early_blight,20,train
C:\Users\Pablo\Documents\Universidad\TFG\Repositorios\Repo\imagenes\5023169b-fe07-3b5e-b98e-cc83156353e7.png,Potato,Early_blight,20,train
C:\Users\Pablo\Documents\Universidad\TFG\Repositorios\Repo\imagenes\ba4e97a1-6bd6-38f0-a2b9-8bfc5e8dea21.png,Potato,Early_blight,20,train
C:\Users\Pablo\Documents\Universidad\TFG\Repositorios\Repo\imagenes\92e7762d-39c8-3882-9515-5c7def563056.png,Potato,Early_blight,20,train
C:\Users\Pablo\Documents\Universidad\TFG\Repositorios\Repo\imagenes\09aadcd1-762d-3c94-84a3-70b8adb905dd.png,Potato,Early_blight,20,train
C:\Users\Pablo\Documents\Universidad\TFG\Repositorios\Repo\imagenes\37c9b736-8129-3006-a31e-d746d2bcf6b9.png,Potato,Early_blight,20,train
C:\Users\Pablo\Documents\Universidad\TFG\Repositorios\Repo\imagenes\b8675127-e5a3-310d-8713-36a30747c892.png,Potato,Early_blight,20,train
C:\Users\Pablo\Documents\Universidad\TFG\Repositorios\Repo\imagenes\b33f3b74-ba4f-3b5b-bb27-1bf46f68895c.png,Potato,Early_blight,20,train
C:\Users\Pablo\Documents\Universidad\TFG\Repositorios\Repo\imagenes\50b90f2b-bc92-3c9f-bb17-e8819bc91e07.png,Potato,Early_blight,20,train
C:\Users\Pablo\Documents\Universidad\TFG\Repositorios\Repo\imagenes\630a9504-0fa8-3e15-bf2b-9d0c2ecca59a.png,Potato,Early_blight,20,train
C:\Users\Pablo\Documents\Universidad\TFG\Repositorios\Repo\imagenes\5486bfd3-9944-345e-9982-648c6172cb9d.png,Potato,Early_blight,20,train
C:\Users\Pablo\Documents\Universidad\TFG\Repositorios\Repo\imagenes\5244acaf-90b5-3b3d-aff8-223cd47ab8e7.png,Potato,Early_blight,20,train
C:\Users\Pablo\Documents\Universidad\TFG\Repositorios\Repo\imagenes\30af8889-1b00-3e09-9a17-2a3e7b745981.png,Potato,Early_blight,20,train
C:\Users\Pablo\Documents\Universidad\TFG\Repositorios\Repo\imagenes\5720ec61-e0cf-3626-9113-1e27aba80bf0.png,Potato,healthy,21,train
C:\Users\Pablo\Documents\Universidad\TFG\Repositorios\Repo\imagenes\eecb6ca0-bb34-34b4-8036-443da08d57f1.png,Potato,healthy,21,train
C:\Users\Pablo\Documents\Universidad\TFG\Repositorios\Repo\imagenes\f91996fe-94b7-3712-bceb-8f753d5641bf.png,Potato,healthy,21,train
C:\Users\Pablo\Documents\Universidad\TFG\Repositorios\Repo\imagenes\b7720499-ae7d-359e-b07f-e45c9c9aad40.png,Potato,healthy,21,train
C:\Users\Pablo\Documents\Universidad\TFG\Repositorios\Repo\imagenes\cd470fae-3e9a-3550-93e8-7e784f2fe72d.png,Potato,healthy,21,train
C:\Users\Pablo\Documents\Universidad\TFG\Repositorios\Repo\imagenes\5f9b87b2-145b-34e0-a8d3-d068ff4f7d09.png,Potato,healthy,21,train
C:\Users\Pablo\Documents\Universidad\TFG\Repositorios\Repo\imagenes\139de3c2-dd11-3756-8799-7da05d3d75f4.png,Potato,healthy,21,train
C:\Users\Pablo\Documents\Universidad\TFG\Repositorios\Repo\imagenes\52db55e0-c9f2-3b8a-80d0-db616443e237.png,Potato,healthy,21,train
C:\Users\Pablo\Documents\Universidad\TFG\Repositorios\Repo\imagenes\7dee3577-3ec2-3d49-bc7c-de4f074b7f47.png,Potato,healthy,21,train
C:\Users\Pablo\Documents\Universidad\TFG\Repositorios\Repo\imagenes\92f11d1c-7045-3408-ba25-aede04b19823.png,Potato,healthy,21,train
C:\Users\Pablo\Documents\Universidad\TFG\Repositorios\Repo\imagenes\0aa1f461-7955-3808-a01c-d91076b16119.png,Potato,healthy,21,train
C:\Users\Pablo\Documents\Universidad\TFG\Repositorios\Repo\imagenes\ba736c17-1c1d-3cb0-94fd-ba53817defec.png,Potato,healthy,21,train
C:\Users\Pablo\Documents\Universidad\TFG\Repositorios\Repo\imagenes\dddc36c3-6b36-3395-adc8-50992335d273.png,Potato,healthy,21,train
C:\Users\Pablo\Documents\Universidad\TFG\Repositorios\Repo\imagenes\efcfeda3-09f2-3c3b-9ae2-0abf7e69579b.png,Potato,healthy,21,train
C:\Users\Pablo\Documents\Universidad\TFG\Repositorios\Repo\imagenes\3daf74e9-2ef6-3d55-9d61-64768511f597.png,Potato,Late_blight,22,train
C:\Users\Pablo\Documents\Universidad\TFG\Repositorios\Repo\imagenes\5b876318-8e08-3b98-b570-6f22c9b56a19.png,Potato,Late_blight,22,train
C:\Users\Pablo\Documents\Universidad\TFG\Repositorios\Repo\imagenes\49b20335-8a93-32ea-9b88-046de036d480.png,Potato,Late_blight,22,train
C:\Users\Pablo\Documents\Universidad\TFG\Repositorios\Repo\imagenes\270fdbd7-d6b2-3711-90df-a32c25fc43ee.png,Potato,Late_blight,22,train
C:\Users\Pablo\Documents\Universidad\TFG\Repositorios\Repo\imagenes\2babd6ef-c23f-330f-abda-f5129ab10248.png,Potato,Late_blight,22,train
C:\Users\Pablo\Documents\Universidad\TFG\Repositorios\Repo\imagenes\496508ab-f0a2-3205-ad0b-02bd2661e5cd.png,Potato,Late_blight,22,train
C:\Users\Pablo\Documents\Universidad\TFG\Repositorios\Repo\imagenes\7c5df00c-0133-345d-9849-2479a3dfd34b.png,Potato,Late_blight,22,train
C:\Users\Pablo\Documents\Universidad\TFG\Repositorios\Repo\imagenes\f54d102f-152b-397b-b8e9-514f63082197.png,Potato,Late_blight,22,train
C:\Users\Pablo\Documents\Universidad\TFG\Repositorios\Repo\imagenes\c30f3805-7c4d-320e-b387-5e96952c99a6.png,Potato,Late_blight,22,train
C:\Users\Pablo\Documents\Universidad\TFG\Repositorios\Repo\imagenes\05722715-6975-3f43-a523-2df6c841b788.png,Potato,Late_blight,22,train
C:\Users\Pablo\Documents\Universidad\TFG\Repositorios\Repo\imagenes\e6b9fa27-d796-30ca-93e1-bcd31763b339.png,Potato,Late_blight,22,train
C:\Users\Pablo\Documents\Universidad\TFG\Repositorios\Repo\imagenes\06ec13ed-51dc-3d33-8f10-0d751a4c2c36.png,Potato,Late_blight,22,train
C:\Users\Pablo\Documents\Universidad\TFG\Repositorios\Repo\imagenes\62f25653-9859-3ab2-ba94-066153e50847.png,Potato,Late_blight,22,train
C:\Users\Pablo\Documents\Universidad\TFG\Repositorios\Repo\imagenes\dc659eac-1558-3997-8fd7-225543e62981.png,Potato,Late_blight,22,train
C:\Users\Pablo\Documents\Universidad\TFG\Repositorios\Repo\imagenes\063d16b8-abab-3437-be2f-f4ccb3c973c3.png,Raspberry,healthy,23,train
C:\Users\Pablo\Documents\Universidad\TFG\Repositorios\Repo\imagenes\826492b5-cac9-3937-9141-29b06c511fff.png,Raspberry,healthy,23,train
C:\Users\Pablo\Documents\Universidad\TFG\Repositorios\Repo\imagenes\78f1430d-d766-3b80-9048-fec0ce42826f.png,Raspberry,healthy,23,train
C:\Users\Pablo\Documents\Universidad\TFG\Repositorios\Repo\imagenes\c603c609-e952-3e17-9189-fd41fd8f6289.png,Raspberry,healthy,23,train
C:\Users\Pablo\Documents\Universidad\TFG\Repositorios\Repo\imagenes\9888c94d-ba0e-3921-abe6-2d05776a157c.png,Raspberry,healthy,23,train
C:\Users\Pablo\Documents\Universidad\TFG\Repositorios\Repo\imagenes\6ee0ae35-d801-32a7-aa3c-9bc0d5f5c636.png,Raspberry,healthy,23,train
C:\Users\Pablo\Documents\Universidad\TFG\Repositorios\Repo\imagenes\aee17587-668b-3af5-baa7-2e7ca48ce92f.png,Raspberry,healthy,23,train
C:\Users\Pablo\Documents\Universidad\TFG\Repositorios\Repo\imagenes\6e6c69eb-1062-3390-a20a-b7fa4ad29205.png,Raspberry,healthy,23,train
C:\Users\Pablo\Documents\Universidad\TFG\Repositorios\Repo\imagenes\375b6b73-30e7-34b2-967a-29dbc5318662.png,Raspberry,healthy,23,train
C:\Users\Pablo\Documents\Universidad\TFG\Repositorios\Repo\imagenes\0006ed93-767d-3f08-a559-ecab73a26938.png,Raspberry,healthy,23,train
C:\Users\Pablo\Documents\Universidad\TFG\Repositorios\Repo\imagenes\2e00700d-28a8-3a7f-8709-e6a7a3407de1.png,Raspberry,healthy,23,train
C:\Users\Pablo\Documents\Universidad\TFG\Repositorios\Repo\imagenes\a77acc24-ebd2-38ee-92c8-5a03757c2ee7.png,Raspberry,healthy,23,train
C:\Users\Pablo\Documents\Universidad\TFG\Repositorios\Repo\imagenes\20552902-8840-3d09-8221-41c3ab2c1d1a.png,Raspberry,healthy,23,train
C:\Users\Pablo\Documents\Universidad\TFG\Repositorios\Repo\imagenes\cee0be02-0d82-395a-a7b4-ea194a9da1c3.png,Raspberry,healthy,23,train
C:\Users\Pablo\Documents\Universidad\TFG\Repositorios\Repo\imagenes\acf37c79-0c13-38d8-a9b5-5d2a9f65e23a.png,Soybean,healthy,24,train
C:\Users\Pablo\Documents\Universidad\TFG\Repositorios\Repo\imagenes\ec973aea-af29-31e4-8c72-df7baaae1f88.png,Soybean,healthy,24,train
C:\Users\Pablo\Documents\Universidad\TFG\Repositorios\Repo\imagenes\bda9df2f-79a9-30e7-9400-03d02f4bfa27.png,Soybean,healthy,24,train
C:\Users\Pablo\Documents\Universidad\TFG\Repositorios\Repo\imagenes\6c7f160a-2c05-3b2e-aade-772881e18478.png,Soybean,healthy,24,train
C:\Users\Pablo\Documents\Universidad\TFG\Repositorios\Repo\imagenes\08fb0581-035e-3efe-996d-d36bc3d606ab.png,Soybean,healthy,24,train
C:\Users\Pablo\Documents\Universidad\TFG\Repositorios\Repo\imagenes\0374a0d4-7b66-3b9d-918b-cca3fb23c8f4.png,Soybean,healthy,24,train
C:\Users\Pablo\Documents\Universidad\TFG\Repositorios\Repo\imagenes\3a66be0e-db90-3b87-8ee1-ffc06bc069b7.png,Soybean,healthy,24,train
C:\Users\Pablo\Documents\Universidad\TFG\Repositorios\Repo\imagenes\8acec186-3071-395e-a876-a346c1fd97e6.png,Soybean,healthy,24,train
C:\Users\Pablo\Documents\Universidad\TFG\Repositorios\Repo\imagenes\8cea96f3-9d0f-3468-a238-a0ac50bd617b.png,Soybean,healthy,24,train
C:\Users\Pablo\Documents\Universidad\TFG\Repositorios\Repo\imagenes\ed128cbc-8545-3baa-adb4-762a50556276.png,Soybean,healthy,24,train
C:\Users\Pablo\Documents\Universidad\TFG\Repositorios\Repo\imagenes\99cb004b-770d-3ec5-b062-e4773a1cbc1f.png,Soybean,healthy,24,train
C:\Users\Pablo\Documents\Universidad\TFG\Repositorios\Repo\imagenes\2b75ecdc-6427-3d0b-a1a7-9952a428e515.png,Soybean,healthy,24,train
C:\Users\Pablo\Documents\Universidad\TFG\Repositorios\Repo\imagenes\89b06c0d-c65b-3f33-84d1-8ad9fd3a0e50.png,Soybean,healthy,24,train
C:\Users\Pablo\Documents\Universidad\TFG\Repositorios\Repo\imagenes\de5bd576-774d-3363-aeca-46e8f2c791d7.png,Soybean,healthy,24,train
C:\Users\Pablo\Documents\Universidad\TFG\Repositorios\Repo\imagenes\b3687476-ff8a-3b37-9d3d-066f778d6e3e.png,Squash,Powdery_mildew,25,train
C:\Users\Pablo\Documents\Universidad\TFG\Repositorios\Repo\imagenes\507010fa-0f39-3e17-a920-5e1ee7bd0752.png,Squash,Powdery_mildew,25,train
C:\Users\Pablo\Documents\Universidad\TFG\Repositorios\Repo\imagenes\78492656-abb8-3193-8b70-d3c86dd81495.png,Squash,Powdery_mildew,25,train
C:\Users\Pablo\Documents\Universidad\TFG\Repositorios\Repo\imagenes\e1e1b1e7-ce6d-36b6-8661-24f140802f62.png,Squash,Powdery_mildew,25,train
C:\Users\Pablo\Documents\Universidad\TFG\Repositorios\Repo\imagenes\06d2cb91-ecbe-3ad2-88fd-5d38e239793a.png,Squash,Powdery_mildew,25,train
C:\Users\Pablo\Documents\Universidad\TFG\Repositorios\Repo\imagenes\090f9d53-bd03-3730-bd29-077d4532d7cc.png,Squash,Powdery_mildew,25,train
C:\Users\Pablo\Documents\Universidad\TFG\Repositorios\Repo\imagenes\fbd3677d-2b2e-39d1-9d60-d39daed2bb60.png,Squash,Powdery_mildew,25,train
C:\Users\Pablo\Documents\Universidad\TFG\Repositorios\Repo\imagenes\76ab9094-e3d1-3b70-92d4-9db0b9fbd18c.png,Squash,Powdery_mildew,25,train
C:\Users\Pablo\Documents\Universidad\TFG\Repositorios\Repo\imagenes\6ebcfc9b-c44b-34f9-97f9-f571fe839a7e.png,Squash,Powdery_mildew,25,train
C:\Users\Pablo\Documents\Universidad\TFG\Repositorios\Repo\imagenes\bcebd252-4eec-3e13-afdd-5cf714b7e828.png,Squash,Powdery_mildew,25,train
C:\Users\Pablo\Documents\Universidad\TFG\Repositorios\Repo\imagenes\9b48cecb-f983-3cea-90b0-e8cb34445d1b.png,Squash,Powdery_mildew,25,train
C:\Users\Pablo\Documents\Universidad\TFG\Repositorios\Repo\imagenes\b3c741f2-92a6-3d87-b7ee-d5d1b66d043e.png,Squash,Powdery_mildew,25,train
C:\Users\Pablo\Documents\Universidad\TFG\Repositorios\Repo\imagenes\920d9a45-7116-35eb-8fc3-d2870972d182.png,Squash,Powdery_mildew,25,train
C:\Users\Pablo\Documents\Universidad\TFG\Repositorios\Repo\imagenes\e77cc9b5-a3e1-3677-9329-8cab45ec243f.png,Squash,Powdery_mildew,25,train
C:\Users\Pablo\Documents\Universidad\TFG\Repositorios\Repo\imagenes\740d1f48-31f8-3619-87e2-e4d5c7c04d9a.png,Strawberry,healthy,26,train
C:\Users\Pablo\Documents\Universidad\TFG\Repositorios\Repo\imagenes\646b297d-e961-3364-97b9-ecf323b53810.png,Strawberry,healthy,26,train
C:\Users\Pablo\Documents\Universidad\TFG\Repositorios\Repo\imagenes\135dc8ad-2265-3534-8002-7d781cb3cd19.png,Strawberry,healthy,26,train
C:\Users\Pablo\Documents\Universidad\TFG\Repositorios\Repo\imagenes\e32c7444-4c2a-3be6-b758-8731cca373d5.png,Strawberry,healthy,26,train
C:\Users\Pablo\Documents\Universidad\TFG\Repositorios\Repo\imagenes\1291baeb-5638-39b3-af8f-b30cca328157.png,Strawberry,healthy,26,train
C:\Users\Pablo\Documents\Universidad\TFG\Repositorios\Repo\imagenes\43211a62-e338-3843-8796-661ef62e8c13.png,Strawberry,healthy,26,train
C:\Users\Pablo\Documents\Universidad\TFG\Repositorios\Repo\imagenes\1a1e0e14-94d5-3d70-9b8f-720711c0da2b.png,Strawberry,healthy,26,train
C:\Users\Pablo\Documents\Universidad\TFG\Repositorios\Repo\imagenes\d86ffea0-dfca-3647-b7dd-9f613f54a43d.png,Strawberry,healthy,26,train
C:\Users\Pablo\Documents\Universidad\TFG\Repositorios\Repo\imagenes\2c327997-0e55-3958-a709-acd595e8b9dd.png,Strawberry,healthy,26,train
C:\Users\Pablo\Documents\Universidad\TFG\Repositorios\Repo\imagenes\badb26dd-cfd6-3871-ac13-a5cf6a5abe22.png,Strawberry,healthy,26,train
C:\Users\Pablo\Documents\Universidad\TFG\Repositorios\Repo\imagenes\4a1adc15-d40d-3b54-a8c0-9a76953f301e.png,Strawberry,healthy,26,train
C:\Users\Pablo\Documents\Universidad\TFG\Repositorios\Repo\imagenes\b595aa7c-e04a-314d-af71-58a35bb8befc.png,Strawberry,healthy,26,train
C:\Users\Pablo\Documents\Universidad\TFG\Repositorios\Repo\imagenes\7e4bafff-191f-3988-99bb-4a0059a2ffba.png,Strawberry,healthy,26,train
C:\Users\Pablo\Documents\Universidad\TFG\Repositorios\Repo\imagenes\4ad6a099-776e-312b-b6c8-2f6c55f30869.png,Strawberry,healthy,26,train
C:\Users\Pablo\Documents\Universidad\TFG\Repositorios\Repo\imagenes\1f4623f3-73c4-3780-92e2-452c55ff3b0e.png,Strawberry,Leaf_scorch,27,train
C:\Users\Pablo\Documents\Universidad\TFG\Repositorios\Repo\imagenes\1b5fe856-552e-3495-8bd9-93bbd8c35fd2.png,Strawberry,Leaf_scorch,27,train
C:\Users\Pablo\Documents\Universidad\TFG\Repositorios\Repo\imagenes\96e2708d-9844-3b43-a2ab-3b18e951d444.png,Strawberry,Leaf_scorch,27,train
C:\Users\Pablo\Documents\Universidad\TFG\Repositorios\Repo\imagenes\93eb2d94-94e2-3ea3-951c-ed5574dc6dc6.png,Strawberry,Leaf_scorch,27,train
C:\Users\Pablo\Documents\Universidad\TFG\Repositorios\Repo\imagenes\0997a2c4-629e-30d2-a6dd-30db41a0c4e8.png,Strawberry,Leaf_scorch,27,train
C:\Users\Pablo\Documents\Universidad\TFG\Repositorios\Repo\imagenes\9dd4ca2a-5e39-3de6-a407-a0301cceedc9.png,Strawberry,Leaf_scorch,27,train
C:\Users\Pablo\Documents\Universidad\TFG\Repositorios\Repo\imagenes\36ea0f4c-8f89-3d7e-bdf9-ebbcea0c3aab.png,Strawberry,Leaf_scorch,27,train
C:\Users\Pablo\Documents\Universidad\TFG\Repositorios\Repo\imagenes\4e262c6e-60b9-3403-ac9b-75d8b1e1d7fd.png,Strawberry,Leaf_scorch,27,train
C:\Users\Pablo\Documents\Universidad\TFG\Repositorios\Repo\imagenes\37ebeb72-dc82-3eb8-92a2-918359c34c76.png,Strawberry,Leaf_scorch,27,train
C:\Users\Pablo\Documents\Universidad\TFG\Repositorios\Repo\imagenes\5fb0c7a9-33cd-3202-ad24-4f5bb40f863c.png,Strawberry,Leaf_scorch,27,train
C:\Users\Pablo\Documents\Universidad\TFG\Repositorios\Repo\imagenes\9a42a6b8-69b2-3a07-bb56-e51aa1634ae5.png,Strawberry,Leaf_scorch,27,train
C:\Users\Pablo\Documents\Universidad\TFG\Repositorios\Repo\imagenes\26098b28-b578-3c45-87b4-46f9af0599bf.png,Strawberry,Leaf_scorch,27,train
C:\Users\Pablo\Documents\Universidad\TFG\Repositorios\Repo\imagenes\bc8d1bb3-483f-3e00-b18d-e48ffc7732b3.png,Strawberry,Leaf_scorch,27,train
C:\Users\Pablo\Documents\Universidad\TFG\Repositorios\Repo\imagenes\3e5f85c4-7989-3ca0-814a-36aaeeb46a32.png,Strawberry,Leaf_scorch,27,train
C:\Users\Pablo\Documents\Universidad\TFG\Repositorios\Repo\imagenes\7b84604e-173e-3b55-b45a-3107544b2c3f.png,Tomato,Bacterial_spot,28,train
C:\Users\Pablo\Documents\Universidad\TFG\Repositorios\Repo\imagenes\8e29b1af-1718-3a9e-8695-2f21f9ab5a58.png,Tomato,Bacterial_spot,28,train
C:\Users\Pablo\Documents\Universidad\TFG\Repositorios\Repo\imagenes\f1c3bc5d-3a00-3f5f-b1aa-087092f3c8c0.png,Tomato,Bacterial_spot,28,train
C:\Users\Pablo\Documents\Universidad\TFG\Repositorios\Repo\imagenes\28c94a6b-8527-3fc8-aedf-4f9a2a85d217.png,Tomato,Bacterial_spot,28,train
C:\Users\Pablo\Documents\Universidad\TFG\Repositorios\Repo\imagenes\a6e620a6-cef0-3c8a-bbd8-929193b17cbe.png,Tomato,Bacterial_spot,28,train
C:\Users\Pablo\Documents\Universidad\TFG\Repositorios\Repo\imagenes\879a86e1-2877-3218-b672-0699b852635c.png,Tomato,Bacterial_spot,28,train
C:\Users\Pablo\Documents\Universidad\TFG\Repositorios\Repo\imagenes\fb9719f6-20c4-33e5-9911-35b3d89ce105.png,Tomato,Bacterial_spot,28,train
C:\Users\Pablo\Documents\Universidad\TFG\Repositorios\Repo\imagenes\d26b2bb4-8905-3239-bbea-12dd82c2272d.png,Tomato,Bacterial_spot,28,train
C:\Users\Pablo\Documents\Universidad\TFG\Repositorios\Repo\imagenes\2ce19ac8-b4d4-3f5e-ba91-43a827df2532.png,Tomato,Bacterial_spot,28,train
C:\Users\Pablo\Documents\Universidad\TFG\Repositorios\Repo\imagenes\b162a68f-2425-3481-a470-e96248e098ec.png,Tomato,Bacterial_spot,28,train
C:\Users\Pablo\Documents\Universidad\TFG\Repositorios\Repo\imagenes\8dedd630-6380-3170-a854-05c2b06b98b8.png,Tomato,Bacterial_spot,28,train
C:\Users\Pablo\Documents\Universidad\TFG\Repositorios\Repo\imagenes\50722961-d72a-3369-859b-193bbf3bb91a.png,Tomato,Bacterial_spot,28,train
C:\Users\Pablo\Documents\Universidad\TFG\Repositorios\Repo\imagenes\c17e9185-b02b-34f5-a710-c29c806dc78a.png,Tomato,Bacterial_spot,28,train
C:\Users\Pablo\Documents\Universidad\TFG\Repositorios\Repo\imagenes\6034162e-0be5-36dc-996c-66c6f46547b4.png,Tomato,Bacterial_spot,28,train
C:\Users\Pablo\Documents\Universidad\TFG\Repositorios\Repo\imagenes\2a59d760-1ee2-3502-b055-70c9e955bfe0.png,Tomato,Early_blight,29,train
C:\Users\Pablo\Documents\Universidad\TFG\Repositorios\Repo\imagenes\5afa5d93-6741-30ea-983a-59f5730db756.png,Tomato,Early_blight,29,train
C:\Users\Pablo\Documents\Universidad\TFG\Repositorios\Repo\imagenes\0733ec5a-afca-3176-9bcd-82a1190cf236.png,Tomato,Early_blight,29,train
C:\Users\Pablo\Documents\Universidad\TFG\Repositorios\Repo\imagenes\d64ad63e-b844-3f09-8e61-6a65215032d5.png,Tomato,Early_blight,29,train
C:\Users\Pablo\Documents\Universidad\TFG\Repositorios\Repo\imagenes\7f81050d-4f6a-3d85-a28d-475059203eb7.png,Tomato,Early_blight,29,train
C:\Users\Pablo\Documents\Universidad\TFG\Repositorios\Repo\imagenes\215092f9-7932-3873-8677-0ccaf1ac9a6b.png,Tomato,Early_blight,29,train
C:\Users\Pablo\Documents\Universidad\TFG\Repositorios\Repo\imagenes\181d3243-5e42-35e1-9b50-26c4dc2c1da1.png,Tomato,Early_blight,29,train
C:\Users\Pablo\Documents\Universidad\TFG\Repositorios\Repo\imagenes\ac3a9689-4682-303c-a431-ca3ac687c0c7.png,Tomato,Early_blight,29,train
C:\Users\Pablo\Documents\Universidad\TFG\Repositorios\Repo\imagenes\b21fb7c0-cef6-3781-95ff-2b40ae7762a3.png,Tomato,Early_blight,29,train
C:\Users\Pablo\Documents\Universidad\TFG\Repositorios\Repo\imagenes\580917d1-4e14-3af2-99e9-bd33956313a1.png,Tomato,Early_blight,29,train
C:\Users\Pablo\Documents\Universidad\TFG\Repositorios\Repo\imagenes\a595eaaf-b867-3f08-a810-3cb27f5c1d1d.png,Tomato,Early_blight,29,train
C:\Users\Pablo\Documents\Universidad\TFG\Repositorios\Repo\imagenes\d6e52541-7e85-3f5b-8fae-89cb78603a1a.png,Tomato,Early_blight,29,train
C:\Users\Pablo\Documents\Universidad\TFG\Repositorios\Repo\imagenes\5c4b10aa-00d3-3d91-876d-288b13bc757c.png,Tomato,Early_blight,29,train
C:\Users\Pablo\Documents\Universidad\TFG\Repositorios\Repo\imagenes\148546f2-10f0-3c65-b1be-aaa54763daf9.png,Tomato,Early_blight,29,train
C:\Users\Pablo\Documents\Universidad\TFG\Repositorios\Repo\imagenes\96c0b1a3-e5dc-356a-bbd4-69f1c2954cf1.png,Tomato,healthy,30,train
C:\Users\Pablo\Documents\Universidad\TFG\Repositorios\Repo\imagenes\49581812-d68f-351b-ad02-b88d75aba677.png,Tomato,healthy,30,train
C:\Users\Pablo\Documents\Universidad\TFG\Repositorios\Repo\imagenes\6c0b17df-749e-3d01-b7e7-6c8ac4eee7ec.png,Tomato,healthy,30,train
C:\Users\Pablo\Documents\Universidad\TFG\Repositorios\Repo\imagenes\0aa639a4-066b-34e4-b14c-3c6f9ca1833e.png,Tomato,healthy,30,train
C:\Users\Pablo\Documents\Universidad\TFG\Repositorios\Repo\imagenes\0fc68fa6-d0a8-336a-b8ba-a5b29fada1ac.png,Tomato,healthy,30,train
C:\Users\Pablo\Documents\Universidad\TFG\Repositorios\Repo\imagenes\4be61cb6-bc09-3fbb-9844-d9a7c12e4043.png,Tomato,healthy,30,train
C:\Users\Pablo\Documents\Universidad\TFG\Repositorios\Repo\imagenes\643d4d58-86fd-3d6e-b8a2-6a0e4b794b9f.png,Tomato,healthy,30,train
C:\Users\Pablo\Documents\Universidad\TFG\Repositorios\Repo\imagenes\2eff1535-9055-37e3-9a82-51fd5ab5efeb.png,Tomato,healthy,30,train
C:\Users\Pablo\Documents\Universidad\TFG\Repositorios\Repo\imagenes\d9653534-7afc-3aba-bacf-b098471bbae1.png,Tomato,healthy,30,train
C:\Users\Pablo\Documents\Universidad\TFG\Repositorios\Repo\imagenes\714a6027-042d-33c8-9a56-316f6226131e.png,Tomato,healthy,30,train
C:\Users\Pablo\Documents\Universidad\TFG\Repositorios\Repo\imagenes\c64a46ba-38b2-3346-b5ee-a135918b2b49.png,Tomato,healthy,30,train
C:\Users\Pablo\Documents\Universidad\TFG\Repositorios\Repo\imagenes\1b8e9a80-7377-36cb-a0bb-3fc0868aa6ca.png,Tomato,healthy,30,train
C:\Users\Pablo\Documents\Universidad\TFG\Repositorios\Repo\imagenes\ea5f93c2-54d3-362c-9e39-5666d38fe634.png,Tomato,healthy,30,train
C:\Users\Pablo\Documents\Universidad\TFG\Repositorios\Repo\imagenes\ab03cbad-e42b-38f0-9b52-ed17a335d3b9.png,Tomato,healthy,30,train
C:\Users\Pablo\Documents\Universidad\TFG\Repositorios\Repo\imagenes\e4439b94-7405-32b2-b464-9d7f227f2584.png,Tomato,Late_blight,31,train
C:\Users\Pablo\Documents\Universidad\TFG\Repositorios\Repo\imagenes\03574d67-f3e2-3eec-a5cb-51d5e38fbc86.png,Tomato,Late_blight,31,train
C:\Users\Pablo\Documents\Universidad\TFG\Repositorios\Repo\imagenes\33c17c50-3ca6-3a95-866d-fc9dd8053b02.png,Tomato,Late_blight,31,train
C:\Users\Pablo\Documents\Universidad\TFG\Repositorios\Repo\imagenes\572b9e07-0a79-386f-8db6-6834f28b10df.png,Tomato,Late_blight,31,train
C:\Users\Pablo\Documents\Universidad\TFG\Repositorios\Repo\imagenes\1cb6bb31-b282-34dc-a0a1-ddebf0f24e3d.png,Tomato,Late_blight,31,train
C:\Users\Pablo\Documents\Universidad\TFG\Repositorios\Repo\imagenes\4136b964-e735-3efa-9380-b066a072098b.png,Tomato,Late_blight,31,train
C:\Users\Pablo\Documents\Universidad\TFG\Repositorios\Repo\imagenes\7fab098b-05b7-338a-bddc-e333a1ad98db.png,Tomato,Late_blight,31,train
C:\Users\Pablo\Documents\Universidad\TFG\Repositorios\Repo\imagenes\3f7ed373-ed0b-3450-ab1f-da8186f24c3f.png,Tomato,Late_blight,31,train
C:\Users\Pablo\Documents\Universidad\TFG\Repositorios\Repo\imagenes\2c677835-5afd-3360-a608-8e8395b86534.png,Tomato,Late_blight,31,train
C:\Users\Pablo\Documents\Universidad\TFG\Repositorios\Repo\imagenes\4199d582-31ca-38b1-bb53-2db3abef0c8d.png,Tomato,Late_blight,31,train
C:\Users\Pablo\Documents\Universidad\TFG\Repositorios\Repo\imagenes\5e7ece90-b05a-39b2-8fc7-59cd1e4f3922.png,Tomato,Late_blight,31,train
C:\Users\Pablo\Documents\Universidad\TFG\Repositorios\Repo\imagenes\3a4614d2-55c6-3578-b991-46b398741eaf.png,Tomato,Late_blight,31,train
C:\Users\Pablo\Documents\Universidad\TFG\Repositorios\Repo\imagenes\41453b36-f5fa-38e8-a135-3c88716ac504.png,Tomato,Late_blight,31,train
C:\Users\Pablo\Documents\Universidad\TFG\Repositorios\Repo\imagenes\140b8c77-2737-31a1-9cdd-c141c55f997d.png,Tomato,Late_blight,31,train
C:\Users\Pablo\Documents\Universidad\TFG\Repositorios\Repo\imagenes\ccf5e8c9-a547-30e2-a57c-cb955b9a1d05.png,Tomato,Leaf_Mold,32,train
C:\Users\Pablo\Documents\Universidad\TFG\Repositorios\Repo\imagenes\118ca004-fcbe-3188-8da6-d819d3268e8b.png,Tomato,Leaf_Mold,32,train
C:\Users\Pablo\Documents\Universidad\TFG\Repositorios\Repo\imagenes\6bae2a2b-bb6c-3297-80b8-b20e75ac15c7.png,Tomato,Leaf_Mold,32,train
C:\Users\Pablo\Documents\Universidad\TFG\Repositorios\Repo\imagenes\b01d75cb-b0c6-3707-bfbd-e1377e429b2b.png,Tomato,Leaf_Mold,32,train
C:\Users\Pablo\Documents\Universidad\TFG\Repositorios\Repo\imagenes\f07b69cf-b7bf-3404-99c2-4dcea9f70276.png,Tomato,Leaf_Mold,32,train
C:\Users\Pablo\Documents\Universidad\TFG\Repositorios\Repo\imagenes\7cf57faf-e782-3421-abed-74bce12c1934.png,Tomato,Leaf_Mold,32,train
C:\Users\Pablo\Documents\Universidad\TFG\Repositorios\Repo\imagenes\b815e634-fe7b-3a92-99e1-f88051ed0403.png,Tomato,Leaf_Mold,32,train
C:\Users\Pablo\Documents\Universidad\TFG\Repositorios\Repo\imagenes\95099c60-3b1c-3c8d-814a-391fdf0457fb.png,Tomato,Leaf_Mold,32,train
C:\Users\Pablo\Documents\Universidad\TFG\Repositorios\Repo\imagenes\6eedea21-8c96-356f-9f64-a4b508ed2587.png,Tomato,Leaf_Mold,32,train
C:\Users\Pablo\Documents\Universidad\TFG\Repositorios\Repo\imagenes\0761e847-cea8-3ad1-9ef3-e84e54e6afc9.png,Tomato,Leaf_Mold,32,train
C:\Users\Pablo\Documents\Universidad\TFG\Repositorios\Repo\imagenes\e942f0e1-11cd-39c6-9a81-a62098659262.png,Tomato,Leaf_Mold,32,train
C:\Users\Pablo\Documents\Universidad\TFG\Repositorios\Repo\imagenes\9d90aea7-d624-3cf9-9e31-cc1576b2d0c2.png,Tomato,Leaf_Mold,32,train
C:\Users\Pablo\Documents\Universidad\TFG\Repositorios\Repo\imagenes\42739c1b-fc67-3c37-9456-907bc43c1555.png,Tomato,Leaf_Mold,32,train
C:\Users\Pablo\Documents\Universidad\TFG\Repositorios\Repo\imagenes\863b0dfb-0db3-3479-9995-cd3db9213c92.png,Tomato,Leaf_Mold,32,train
C:\Users\Pablo\Documents\Universidad\TFG\Repositorios\Repo\imagenes\dea25b62-0ba2-3a83-8a3e-c8ec01e7f8d0.png,Tomato,Septoria_leaf_spot,33,train
C:\Users\Pablo\Documents\Universidad\TFG\Repositorios\Repo\imagenes\e09bb799-a2a0-36bb-b367-544cfc047405.png,Tomato,Septoria_leaf_spot,33,train
C:\Users\Pablo\Documents\Universidad\TFG\Repositorios\Repo\imagenes\99e065bf-937d-3480-a0f0-1177516bbc9d.png,Tomato,Septoria_leaf_spot,33,train
C:\Users\Pablo\Documents\Universidad\TFG\Repositorios\Repo\imagenes\1e9d88aa-5466-34a6-95cc-a47eabf6fda1.png,Tomato,Septoria_leaf_spot,33,train
C:\Users\Pablo\Documents\Universidad\TFG\Repositorios\Repo\imagenes\174349d6-3a4c-3766-8d3e-b01a76948410.png,Tomato,Septoria_leaf_spot,33,train
C:\Users\Pablo\Documents\Universidad\TFG\Repositorios\Repo\imagenes\752fd2ce-758a-3842-9c4c-bc7116665576.png,Tomato,Septoria_leaf_spot,33,train
C:\Users\Pablo\Documents\Universidad\TFG\Repositorios\Repo\imagenes\117ee044-13e7-3ad3-9350-a5d7a075e816.png,Tomato,Septoria_leaf_spot,33,train
C:\Users\Pablo\Documents\Universidad\TFG\Repositorios\Repo\imagenes\d190cd26-2012-3d65-b8bc-d3cc35a8a6da.png,Tomato,Septoria_leaf_spot,33,train
C:\Users\Pablo\Documents\Universidad\TFG\Repositorios\Repo\imagenes\a4c9cd1d-e0e8-3e75-935a-72856c5e409f.png,Tomato,Septoria_leaf_spot,33,train
C:\Users\Pablo\Documents\Universidad\TFG\Repositorios\Repo\imagenes\ed083125-dccf-3054-b356-ee45f4883c8e.png,Tomato,Septoria_leaf_spot,33,train
C:\Users\Pablo\Documents\Universidad\TFG\Repositorios\Repo\imagenes\78b95dfb-f717-324a-879d-b82dee98a811.png,Tomato,Septoria_leaf_spot,33,train
C:\Users\Pablo\Documents\Universidad\TFG\Repositorios\Repo\imagenes\b8c597c9-eb61-3491-805c-2fc9d08754db.png,Tomato,Septoria_leaf_spot,33,train
C:\Users\Pablo\Documents\Universidad\TFG\Repositorios\Repo\imagenes\6dd0371e-685d-3789-9cce-c1ed00dd027a.png,Tomato,Septoria_leaf_spot,33,train
C:\Users\Pablo\Documents\Universidad\TFG\Repositorios\Repo\imagenes\a860b1ce-ac2b-3b60-9069-edd9fe85cf1c.png,Tomato,Septoria_leaf_spot,33,train
C:\Users\Pablo\Documents\Universidad\TFG\Repositorios\Repo\imagenes\0d728e49-92b8-3268-851e-52e491869651.png,Tomato,Spider_mites_Two-spotted_spider_mite,34,train
C:\Users\Pablo\Documents\Universidad\TFG\Repositorios\Repo\imagenes\7a8b07f4-ccef-3e58-b9a5-7dbc8ea47443.png,Tomato,Spider_mites_Two-spotted_spider_mite,34,train
C:\Users\Pablo\Documents\Universidad\TFG\Repositorios\Repo\imagenes\b6fd20f5-2af5-3f7c-8023-05de07158b83.png,Tomato,Spider_mites_Two-spotted_spider_mite,34,train
C:\Users\Pablo\Documents\Universidad\TFG\Repositorios\Repo\imagenes\092ff61d-282e-3e80-8dcd-14b30ad2f38a.png,Tomato,Spider_mites_Two-spotted_spider_mite,34,train
C:\Users\Pablo\Documents\Universidad\TFG\Repositorios\Repo\imagenes\a62c2249-5575-3e94-88e5-c5505bdc4806.png,Tomato,Spider_mites_Two-spotted_spider_mite,34,train
C:\Users\Pablo\Documents\Universidad\TFG\Repositorios\Repo\imagenes\c20f1234-bbc8-3401-8f86-7b3d01a09ccc.png,Tomato,Spider_mites_Two-spotted_spider_mite,34,train
C:\Users\Pablo\Documents\Universidad\TFG\Repositorios\Repo\imagenes\d594667a-637a-3745-97ed-c4a21864f708.png,Tomato,Spider_mites_Two-spotted_spider_mite,34,train
C:\Users\Pablo\Documents\Universidad\TFG\Repositorios\Repo\imagenes\ba393a02-f08d-30cf-899f-539b66a45bf7.png,Tomato,Spider_mites_Two-spotted_spider_mite,34,train
C:\Users\Pablo\Documents\Universidad\TFG\Repositorios\Repo\imagenes\cec03a14-2c0a-32ec-9266-fcf444e741a4.png,Tomato,Spider_mites_Two-spotted_spider_mite,34,train
C:\Users\Pablo\Documents\Universidad\TFG\Repositorios\Repo\imagenes\2c146b5d-8523-32f1-bb42-0ff11878d6ec.png,Tomato,Spider_mites_Two-spotted_spider_mite,34,train
C:\Users\Pablo\Documents\Universidad\TFG\Repositorios\Repo\imagenes\0a3c946b-7de4-30ab-8899-fdfacd34669b.png,Tomato,Spider_mites_Two-spotted_spider_mite,34,train
C:\Users\Pablo\Documents\Universidad\TFG\Repositorios\Repo\imagenes\510cf446-0fba-3702-b8bf-f08c749e2939.png,Tomato,Spider_mites_Two-spotted_spider_mite,34,train
C:\Users\Pablo\Documents\Universidad\TFG\Repositorios\Repo\imagenes\9f202dfd-2251-300e-8a93-b2867edae762.png,Tomato,Spider_mites_Two-spotted_spider_mite,34,train
C:\Users\Pablo\Documents\Universidad\TFG\Repositorios\Repo\imagenes\aea47d35-0605-334d-a1f9-a2c9ef165271.png,Tomato,Spider_mites_Two-spotted_spider_mite,34,train
C:\Users\Pablo\Documents\Universidad\TFG\Repositorios\Repo\imagenes\e90d733f-07f8-3aed-a65c-88622d85e10e.png,Tomato,Target_Spot,35,train
C:\Users\Pablo\Documents\Universidad\TFG\Repositorios\Repo\imagenes\fafc7527-98bf-3d53-897c-f12701d446de.png,Tomato,Target_Spot,35,train
C:\Users\Pablo\Documents\Universidad\TFG\Repositorios\Repo\imagenes\9c214fd3-19db-31cc-8e12-07f0e049bf9d.png,Tomato,Target_Spot,35,train
C:\Users\Pablo\Documents\Universidad\TFG\Repositorios\Repo\imagenes\00eb63c2-ce1a-3329-88f8-123a274172ee.png,Tomato,Target_Spot,35,train
C:\Users\Pablo\Documents\Universidad\TFG\Repositorios\Repo\imagenes\44eee261-cc52-31a3-b67c-d19aba7af4c3.png,Tomato,Target_Spot,35,train
C:\Users\Pablo\Documents\Universidad\TFG\Repositorios\Repo\imagenes\118cd385-3933-3ecd-a6ad-a53f6a8f2f8d.png,Tomato,Target_Spot,35,train
C:\Users\Pablo\Documents\Universidad\TFG\Repositorios\Repo\imagenes\39c38699-e35c-3bd1-ab8d-7bce2ed94003.png,Tomato,Target_Spot,35,train
C:\Users\Pablo\Documents\Universidad\TFG\Repositorios\Repo\imagenes\9649ed87-4427-3dd5-bf1b-94e98064c1ef.png,Tomato,Target_Spot,35,train
C:\Users\Pablo\Documents\Universidad\TFG\Repositorios\Repo\imagenes\c9c236a3-740a-36e4-889c-be6dd204c6b2.png,Tomato,Target_Spot,35,train
C:\Users\Pablo\Documents\Universidad\TFG\Repositorios\Repo\imagenes\20f4bb60-0104-3822-a3ab-aa98898024af.png,Tomato,Target_Spot,35,train
C:\Users\Pablo\Documents\Universidad\TFG\Repositorios\Repo\imagenes\ecf12b3a-31ad-3cf2-a0ca-2cedbd487cd2.png,Tomato,Target_Spot,35,train
C:\Users\Pablo\Documents\Universidad\TFG\Repositorios\Repo\imagenes\227fe113-90a2-3e3b-a2af-7c84050a6a50.png,Tomato,Target_Spot,35,train
C:\Users\Pablo\Documents\Universidad\TFG\Repositorios\Repo\imagenes\7ebf0bd5-230e-3d7a-bf31-706d83774b30.png,Tomato,Target_Spot,35,train
C:\Users\Pablo\Documents\Universidad\TFG\Repositorios\Repo\imagenes\395b856b-af1d-3f67-86f4-16f7b98943b7.png,Tomato,Target_Spot,35,train
C:\Users\Pablo\Documents\Universidad\TFG\Repositorios\Repo\imagenes\20109732-001a-3302-a4f6-b0b50f453727.png,Tomato,Tomato_mosaic_virus,36,train
C:\Users\Pablo\Documents\Universidad\TFG\Repositorios\Repo\imagenes\658ddd23-efee-3d04-bbe8-b3101b20b277.png,Tomato,Tomato_mosaic_virus,36,train
C:\Users\Pablo\Documents\Universidad\TFG\Repositorios\Repo\imagenes\9428ee86-45b1-3ecb-a93f-265184485f09.png,Tomato,Tomato_mosaic_virus,36,train
C:\Users\Pablo\Documents\Universidad\TFG\Repositorios\Repo\imagenes\304ff7f7-8f7c-3fed-a7d5-3b9227a1d309.png,Tomato,Tomato_mosaic_virus,36,train
C:\Users\Pablo\Documents\Universidad\TFG\Repositorios\Repo\imagenes\630a194a-0f2e-37e9-94d9-e106bd0451ca.png,Tomato,Tomato_mosaic_virus,36,train
C:\Users\Pablo\Documents\Universidad\TFG\Repositorios\Repo\imagenes\6489b896-d46e-3e91-9693-6051d39c7ced.png,Tomato,Tomato_mosaic_virus,36,train
C:\Users\Pablo\Documents\Universidad\TFG\Repositorios\Repo\imagenes\6722e471-7cde-3c71-ae77-21efe2fa1b74.png,Tomato,Tomato_mosaic_virus,36,train
C:\Users\Pablo\Documents\Universidad\TFG\Repositorios\Repo\imagenes\8c0973ca-c18b-3bed-b18d-93fdb17f52e0.png,Tomato,Tomato_mosaic_virus,36,train
C:\Users\Pablo\Documents\Universidad\TFG\Repositorios\Repo\imagenes\953efd73-0ffd-3a94-9a95-89a8925f1f2c.png,Tomato,Tomato_mosaic_virus,36,train
C:\Users\Pablo\Documents\Universidad\TFG\Repositorios\Repo\imagenes\e2d3691a-b1d4-304c-8010-da75737925dc.png,Tomato,Tomato_mosaic_virus,36,train
C:\Users\Pablo\Documents\Universidad\TFG\Repositorios\Repo\imagenes\619255e6-8571-3c9d-b8f3-0d30dac0553a.png,Tomato,Tomato_mosaic_virus,36,train
C:\Users\Pablo\Documents\Universidad\TFG\Repositorios\Repo\imagenes\f5c164c2-d38c-39d7-a606-3cff80d0892c.png,Tomato,Tomato_mosaic_virus,36,train
C:\Users\Pablo\Documents\Universidad\TFG\Repositorios\Repo\imagenes\0154242f-7a74-375b-9b18-30d315aece47.png,Tomato,Tomato_mosaic_virus,36,train
C:\Users\Pablo\Documents\Universidad\TFG\Repositorios\Repo\imagenes\ab9238ce-dd86-3d4e-abfa-1a0d3d00f271.png,Tomato,Tomato_mosaic_virus,36,train
C:\Users\Pablo\Documents\Universidad\TFG\Repositorios\Repo\imagenes\86560867-541c-3217-a344-ed7d9fdf07a1.png,Tomato,Tomato_Yellow_Leaf_Curl_Virus,37,train
C:\Users\Pablo\Documents\Universidad\TFG\Repositorios\Repo\imagenes\cbcc7832-df5b-3a14-8955-fa1e096857b0.png,Tomato,Tomato_Yellow_Leaf_Curl_Virus,37,train
C:\Users\Pablo\Documents\Universidad\TFG\Repositorios\Repo\imagenes\b9870fd7-4060-381e-8e32-7ff4158dfc3d.png,Tomato,Tomato_Yellow_Leaf_Curl_Virus,37,train
C:\Users\Pablo\Documents\Universidad\TFG\Repositorios\Repo\imagenes\1b550403-61a5-32f1-9864-b7542446bc2a.png,Tomato,Tomato_Yellow_Leaf_Curl_Virus,37,train
C:\Users\Pablo\Documents\Universidad\TFG\Repositorios\Repo\imagenes\4e84ffc3-fb7c-3c15-8715-95e3835a0c63.png,Tomato,Tomato_Yellow_Leaf_Curl_Virus,37,train
C:\Users\Pablo\Documents\Universidad\TFG\Repositorios\Repo\imagenes\f632f8af-af0b-382a-96b5-5ab08e9ad4c1.png,Tomato,Tomato_Yellow_Leaf_Curl_Virus,37,train
C:\Users\Pablo\Documents\Universidad\TFG\Repositorios\Repo\imagenes\4ad82fa9-6760-39d1-b327-d30dd9e40ad8.png,Tomato,Tomato_Yellow_Leaf_Curl_Virus,37,train
C:\Users\Pablo\Documents\Universidad\TFG\Repositorios\Repo\imagenes\ca14a1f1-c081-3219-aba5-34af457fd9a4.png,Tomato,Tomato_Yellow_Leaf_Curl_Virus,37,train
C:\Users\Pablo\Documents\Universidad\TFG\Repositorios\Repo\imagenes\736eb9f5-635f-3fb9-af3a-f093f58070ba.png,Tomato,Tomato_Yellow_Leaf_Curl_Virus,37,train
C:\Users\Pablo\Documents\Universidad\TFG\Repositorios\Repo\imagenes\90ba9ae5-40eb-3762-bbe5-a6b318d01ccf.png,Tomato,Tomato_Yellow_Leaf_Curl_Virus,37,train
C:\Users\Pablo\Documents\Universidad\TFG\Repositorios\Repo\imagenes\4c6aa335-c8af-36f9-b2c0-8d23476388c0.png,Tomato,Tomato_Yellow_Leaf_Curl_Virus,37,train
C:\Users\Pablo\Documents\Universidad\TFG\Repositorios\Repo\imagenes\bd14ba92-c3fb-3ecd-a574-e49eb17f0ef1.png,Tomato,Tomato_Yellow_Leaf_Curl_Virus,37,train
C:\Users\Pablo\Documents\Universidad\TFG\Repositorios\Repo\imagenes\9e5de481-7c5b-3134-bb5e-6f0519daceee.png,Tomato,Tomato_Yellow_Leaf_Curl_Virus,37,train
C:\Users\Pablo\Documents\Universidad\TFG\Repositorios\Repo\imagenes\1a7e3822-78e3-38a5-b940-0ef98e91b28d.png,Tomato,Tomato_Yellow_Leaf_Curl_Virus,37,train
